FoodItem,Category,Calories,Protein(g),Carbs(g),Fats(g),DietType,Recipe,BaseWeight(g)
BBQ Paneer,Dinner,416.0,18.0,7.5,27.5,Vegetarian,1. Cube the BBQ Paneer. 2. Toss in a pan with 1 tsp oil and your favorite spices. 3. Sauté on medium heat for 10-15 mins until golden brown. Serve hot!,132
BBQ Bacon Strips,Breakfast,169.0,9.0,0.0,11.0,Non-Vegetarian,1. Prepare the BBQ Bacon Strips base ingredients. 2. Warm up a pan over medium heat. 3. Cook for a few minutes until beautifully set and golden. 4. Plate nicely to start your day!,50
Avocado Toast,Breakfast,250.0,6.0,24.0,15.0,Vegetarian,1. Prepare the Avocado Toast base ingredients. 2. Warm up a pan over medium heat. 3. Cook for a few minutes until beautifully set and golden. 4. Plate nicely to start your day!,81
BBQ Steak,Dinner,650.0,40.0,0.0,38.5,Non-Vegetarian,1. Preheat grill or skillet. 2. Season the BBQ Steak to your liking. 3. Cook over medium-high heat for roughly 6-8 mins per side until the internal temperature is safe. 4. Rest for 5 mins before slicing.,196
Teriyaki Bacon Strips,Breakfast,162.5,9.5,0.0,10.0,Non-Vegetarian,1. Prepare the Teriyaki Bacon Strips base ingredients. 2. Warm up a pan over medium heat. 3. Cook for a few minutes until beautifully set and golden. 4. Plate nicely to start your day!,49
Keto Boiled Eggs,Snack,126.0,13.2,0.2,18.0,Non-Vegetarian,1. Simply portion out your Keto Boiled Eggs. 2. Store the rest in an airtight container for lasting freshness.,78
Lemon Pepper Tuna Sandwich,Lunch,408.0,29.4,35.0,15.0,Non-Vegetarian,1. Gather your Lemon Pepper Tuna Sandwich ingredients. 2. Sauté or bake in the oven at 375°F (190°C) until thoroughly warmed and aromatic. 3. Plate and garnish.,198
Garlic Mashed Potatoes,Dinner,231.0,4.2,36.0,8.8,Vegetarian,1. Gather your Garlic Mashed Potatoes ingredients. 2. Sauté or bake in the oven at 375°F (190°C) until thoroughly warmed and aromatic. 3. Plate and garnish.,122
Loaded Brown Rice,Lunch,344.0,6.5,67.5,1.8,Vegetarian,1. Rinse thoroughly. 2. Boil 2 cups of water for every 1 cup of Loaded Brown Rice. 3. Simmer covered for 15-20 mins until fluffy.,190
Spicy Hummus & Carrots,Snack,157.5,5.0,19.8,8.4,Vegetarian,1. Simply portion out your Spicy Hummus & Carrots. 2. Store the rest in an airtight container for lasting freshness.,83
Spicy Sweet Potato,Dinner,115.5,2.0,28.6,0.0,Vegetarian,1. Gather your Spicy Sweet Potato ingredients. 2. Sauté or bake in the oven at 375°F (190°C) until thoroughly warmed and aromatic. 3. Plate and garnish.,76
Herb-Roasted Tuna Salad,Lunch,345.0,29.4,10.5,18.0,Non-Vegetarian,1. Gather your Herb-Roasted Tuna Salad ingredients. 2. Sauté or bake in the oven at 375°F (190°C) until thoroughly warmed and aromatic. 3. Plate and garnish.,145
Garlic Protein Smoothie,Breakfast,220.0,26.2,18.0,3.3,Vegetarian,1. Prepare the Garlic Protein Smoothie base ingredients. 2. Warm up a pan over medium heat. 3. Cook for a few minutes until beautifully set and golden. 4. Plate nicely to start your day!,119
Cheesy Rice Cakes,Snack,112.0,2.4,17.6,0.0,Vegetarian,1. Rinse thoroughly. 2. Boil 2 cups of water for every 1 cup of Cheesy Rice Cakes. 3. Simmer covered for 15-20 mins until fluffy.,50
Chicken Breast,Lunch,165.0,31.0,0.0,3.0,Non-Vegetarian,1. Preheat grill or skillet. 2. Season the Chicken Breast to your liking. 3. Cook over medium-high heat for roughly 6-8 mins per side until the internal temperature is safe. 4. Rest for 5 mins before slicing.,85
Herb-Roasted Baked Salmon,Dinner,517.5,36.8,10.5,33.6,Non-Vegetarian,1. Preheat grill or skillet. 2. Season the Herb-Roasted Baked Salmon to your liking. 3. Cook over medium-high heat for roughly 6-8 mins per side until the internal temperature is safe. 4. Rest for 5 mins before slicing.,202
Garlic Lentil Soup,Lunch,220.0,12.6,30.0,3.3,Vegetarian,1. Gather your Garlic Lentil Soup ingredients. 2. Sauté or bake in the oven at 375°F (190°C) until thoroughly warmed and aromatic. 3. Plate and garnish.,115
Steak and Rice,Dinner,600.0,40.0,45.0,25.0,Non-Vegetarian,1. Preheat grill or skillet. 2. Season the Steak and Rice to your liking. 3. Cook over medium-high heat for roughly 6-8 mins per side until the internal temperature is safe. 4. Rest for 5 mins before slicing.,275
Sweet & Sour Edamame,Snack,156.0,11.0,17.0,5.0,Vegetarian,1. Simply portion out your Sweet & Sour Edamame. 2. Store the rest in an airtight container for lasting freshness.,82
Honey Glazed Tofu Scramble,Breakfast,216.0,14.0,7.2,11.0,Vegetarian,1. Cube the Honey Glazed Tofu Scramble. 2. Toss in a pan with 1 tsp oil and your favorite spices. 3. Sauté on medium heat for 10-15 mins until golden brown. Serve hot!,80
Buttermilk Salmon Fillet,Dinner,560.0,37.4,0.0,42.0,Non-Vegetarian,1. Preheat grill or skillet. 2. Season the Buttermilk Salmon Fillet to your liking. 3. Cook over medium-high heat for roughly 6-8 mins per side until the internal temperature is safe. 4. Rest for 5 mins before slicing.,198
Garlic Scrambled Eggs,Breakfast,154.0,12.6,1.2,11.0,Non-Vegetarian,1. Prepare the Garlic Scrambled Eggs base ingredients. 2. Warm up a pan over medium heat. 3. Cook for a few minutes until beautifully set and golden. 4. Plate nicely to start your day!,62
Smoked Fruit Smoothie,Breakfast,198.0,2.2,45.0,1.2,Vegetarian,1. Prepare the Smoked Fruit Smoothie base ingredients. 2. Warm up a pan over medium heat. 3. Cook for a few minutes until beautifully set and golden. 4. Plate nicely to start your day!,121
Spicy Turkey Wrap,Lunch,367.5,25.0,38.5,12.6,Non-Vegetarian,1. Gather your Spicy Turkey Wrap ingredients. 2. Sauté or bake in the oven at 375°F (190°C) until thoroughly warmed and aromatic. 3. Plate and garnish.,190
Loaded Chicken Shawarma,Lunch,720.0,39.0,60.0,32.4,Non-Vegetarian,1. Preheat grill or skillet. 2. Season the Loaded Chicken Shawarma to your liking. 3. Cook over medium-high heat for roughly 6-8 mins per side until the internal temperature is safe. 4. Rest for 5 mins before slicing.,328
Honey Glazed Steak and Rice,Dinner,810.0,40.0,81.0,27.5,Non-Vegetarian,1. Preheat grill or skillet. 2. Season the Honey Glazed Steak and Rice to your liking. 3. Cook over medium-high heat for roughly 6-8 mins per side until the internal temperature is safe. 4. Rest for 5 mins before slicing.,371
Honey Glazed Greek Yogurt,Breakfast,135.0,10.0,7.2,0.0,Vegetarian,1. Prepare the Honey Glazed Greek Yogurt base ingredients. 2. Warm up a pan over medium heat. 3. Cook for a few minutes until beautifully set and golden. 4. Plate nicely to start your day!,43
Spicy Protein Bar,Snack,210.0,20.0,24.2,6.3,Vegetarian,1. Simply portion out your Spicy Protein Bar. 2. Store the rest in an airtight container for lasting freshness.,126
Cajun Rice Cakes,Snack,92.0,2.0,17.6,0.0,Vegetarian,1. Rinse thoroughly. 2. Boil 2 cups of water for every 1 cup of Cajun Rice Cakes. 3. Simmer covered for 15-20 mins until fluffy.,49
Herb-Roasted Lentil Soup,Dinner,207.0,10.5,31.5,2.4,Vegetarian,1. Gather your Herb-Roasted Lentil Soup ingredients. 2. Sauté or bake in the oven at 375°F (190°C) until thoroughly warmed and aromatic. 3. Plate and garnish.,111
Sweet & Sour Lentil Soup,Dinner,234.0,10.0,51.0,2.0,Vegetarian,1. Gather your Sweet & Sour Lentil Soup ingredients. 2. Sauté or bake in the oven at 375°F (190°C) until thoroughly warmed and aromatic. 3. Plate and garnish.,158
Extra Lean Paneer Tikka,Dinner,280.0,21.6,12.0,12.5,Vegetarian,1. Cube the Extra Lean Paneer Tikka. 2. Toss in a pan with 1 tsp oil and your favorite spices. 3. Sauté on medium heat for 10-15 mins until golden brown. Serve hot!,115
Sweet & Sour Steak and Rice,Dinner,780.0,40.0,76.5,25.0,Non-Vegetarian,1. Preheat grill or skillet. 2. Season the Sweet & Sour Steak and Rice to your liking. 3. Cook over medium-high heat for roughly 6-8 mins per side until the internal temperature is safe. 4. Rest for 5 mins before slicing.,354
Tofu Scramble,Breakfast,160.0,14.0,4.0,10.0,Vegetarian,1. Cube the Tofu Scramble. 2. Toss in a pan with 1 tsp oil and your favorite spices. 3. Sauté on medium heat for 10-15 mins until golden brown. Serve hot!,50
Smoked Chickpea Curry,Dinner,330.0,13.2,40.0,12.0,Vegetarian,1. Gather your Smoked Chickpea Curry ingredients. 2. Sauté or bake in the oven at 375°F (190°C) until thoroughly warmed and aromatic. 3. Plate and garnish.,163
Teriyaki Pancakes,Breakfast,312.5,6.3,56.0,10.0,Vegetarian,1. Prepare the Teriyaki Pancakes base ingredients. 2. Warm up a pan over medium heat. 3. Cook for a few minutes until beautifully set and golden. 4. Plate nicely to start your day!,181
Extra Lean Pork Chop & Mash,Dinner,440.0,42.0,40.0,12.5,Non-Vegetarian,1. Preheat grill or skillet. 2. Season the Extra Lean Pork Chop & Mash to your liking. 3. Cook over medium-high heat for roughly 6-8 mins per side until the internal temperature is safe. 4. Rest for 5 mins before slicing.,236
Herb-Roasted White Rice,Lunch,235.7,4.2,46.2,0.0,Vegetarian,1. Rinse thoroughly. 2. Boil 2 cups of water for every 1 cup of Herb-Roasted White Rice. 3. Simmer covered for 15-20 mins until fluffy.,126
Herb-Roasted Beef Stir Fry,Dinner,552.0,33.6,36.8,24.0,Non-Vegetarian,1. Gather your Herb-Roasted Beef Stir Fry ingredients. 2. Sauté or bake in the oven at 375°F (190°C) until thoroughly warmed and aromatic. 3. Plate and garnish.,236
Smoked Protein Smoothie,Breakfast,220.0,27.5,15.0,3.6,Vegetarian,1. Prepare the Smoked Protein Smoothie base ingredients. 2. Warm up a pan over medium heat. 3. Cook for a few minutes until beautifully set and golden. 4. Plate nicely to start your day!,115
Chipotle Chia Seed Pudding,Breakfast,228.0,8.4,22.0,13.0,Vegetarian,1. Prepare the Chipotle Chia Seed Pudding base ingredients. 2. Warm up a pan over medium heat. 3. Cook for a few minutes until beautifully set and golden. 4. Plate nicely to start your day!,108
Chipotle Caesar Salad,Lunch,360.0,10.5,16.5,28.6,Vegetarian,1. Gather your Chipotle Caesar Salad ingredients. 2. Sauté or bake in the oven at 375°F (190°C) until thoroughly warmed and aromatic. 3. Plate and garnish.,139
Chipotle Oatmeal,Breakfast,180.0,5.2,29.7,3.9,Vegetarian,1. Prepare the Chipotle Oatmeal base ingredients. 2. Warm up a pan over medium heat. 3. Cook for a few minutes until beautifully set and golden. 4. Plate nicely to start your day!,97
Cajun Boiled Eggs,Snack,161.0,12.0,1.1,11.5,Non-Vegetarian,1. Simply portion out your Cajun Boiled Eggs. 2. Store the rest in an airtight container for lasting freshness.,62
Herb-Roasted Boiled Eggs,Snack,161.0,12.6,1.1,12.0,Non-Vegetarian,1. Simply portion out your Herb-Roasted Boiled Eggs. 2. Store the rest in an airtight container for lasting freshness.,64
Sweet & Sour Salmon Fillet,Dinner,520.0,34.0,0.0,28.0,Non-Vegetarian,1. Preheat grill or skillet. 2. Season the Sweet & Sour Salmon Fillet to your liking. 3. Cook over medium-high heat for roughly 6-8 mins per side until the internal temperature is safe. 4. Rest for 5 mins before slicing.,155
Sweet & Sour Sweet Potato,Dinner,143.0,2.0,44.2,0.0,Vegetarian,1. Gather your Sweet & Sour Sweet Potato ingredients. 2. Sauté or bake in the oven at 375°F (190°C) until thoroughly warmed and aromatic. 3. Plate and garnish.,116
Cajun Lentil Soup,Dinner,207.0,10.0,33.0,2.3,Vegetarian,1. Gather your Cajun Lentil Soup ingredients. 2. Sauté or bake in the oven at 375°F (190°C) until thoroughly warmed and aromatic. 3. Plate and garnish.,113
Cheesy Chicken Breast,Lunch,231.0,37.2,0.0,4.8,Non-Vegetarian,1. Preheat grill or skillet. 2. Season the Cheesy Chicken Breast to your liking. 3. Cook over medium-high heat for roughly 6-8 mins per side until the internal temperature is safe. 4. Rest for 5 mins before slicing.,105
Keto Turkey Wrap,Lunch,315.0,27.5,7.0,21.6,Non-Vegetarian,1. Gather your Keto Turkey Wrap ingredients. 2. Sauté or bake in the oven at 375°F (190°C) until thoroughly warmed and aromatic. 3. Plate and garnish.,140
Garlic Quinoa,Lunch,242.0,8.4,46.8,3.3,Vegetarian,1. Rinse thoroughly. 2. Boil 2 cups of water for every 1 cup of Garlic Quinoa. 3. Simmer covered for 15-20 mins until fluffy.,146
Smoked Mixed Dal,Lunch,242.0,15.4,35.0,4.8,Vegetarian,1. Gather your Smoked Mixed Dal ingredients. 2. Sauté or bake in the oven at 375°F (190°C) until thoroughly warmed and aromatic. 3. Plate and garnish.,138
Buttermilk Greek Yogurt,Breakfast,140.0,11.0,4.8,0.0,Vegetarian,1. Prepare the Buttermilk Greek Yogurt base ingredients. 2. Warm up a pan over medium heat. 3. Cook for a few minutes until beautifully set and golden. 4. Plate nicely to start your day!,40
Buttermilk Protein Bar,Snack,280.0,22.0,26.4,9.0,Vegetarian,1. Simply portion out your Buttermilk Protein Bar. 2. Store the rest in an airtight container for lasting freshness.,144
Spicy Caesar Salad,Lunch,315.0,10.0,16.5,23.1,Vegetarian,1. Gather your Spicy Caesar Salad ingredients. 2. Sauté or bake in the oven at 375°F (190°C) until thoroughly warmed and aromatic. 3. Plate and garnish.,124
Smoked Chicken Breast,Lunch,181.5,34.1,0.0,3.6,Non-Vegetarian,1. Preheat grill or skillet. 2. Season the Smoked Chicken Breast to your liking. 3. Cook over medium-high heat for roughly 6-8 mins per side until the internal temperature is safe. 4. Rest for 5 mins before slicing.,94
BBQ Apple,Snack,123.5,0.5,37.5,0.3,Vegetarian,1. Simply portion out your BBQ Apple. 2. Store the rest in an airtight container for lasting freshness.,96
Chipotle Greek Yogurt,Breakfast,120.0,10.5,4.4,0.0,Vegetarian,1. Prepare the Chipotle Greek Yogurt base ingredients. 2. Warm up a pan over medium heat. 3. Cook for a few minutes until beautifully set and golden. 4. Plate nicely to start your day!,37
Greek Yogurt,Breakfast,100.0,10.0,4.0,0.0,Vegetarian,1. Prepare the Greek Yogurt base ingredients. 2. Warm up a pan over medium heat. 3. Cook for a few minutes until beautifully set and golden. 4. Plate nicely to start your day!,25
Sweet & Sour Greek Yogurt,Breakfast,130.0,10.0,6.8,0.0,Vegetarian,1. Prepare the Sweet & Sour Greek Yogurt base ingredients. 2. Warm up a pan over medium heat. 3. Cook for a few minutes until beautifully set and golden. 4. Plate nicely to start your day!,42
Garlic Quinoa Bowl,Lunch,352.0,14.7,54.0,11.0,Vegetarian,1. Rinse thoroughly. 2. Boil 2 cups of water for every 1 cup of Garlic Quinoa Bowl. 3. Simmer covered for 15-20 mins until fluffy.,199
Buttermilk Boiled Eggs,Snack,196.0,13.2,1.2,15.0,Non-Vegetarian,1. Simply portion out your Buttermilk Boiled Eggs. 2. Store the rest in an airtight container for lasting freshness.,74
Chipotle Edamame,Snack,144.0,11.6,11.0,6.5,Vegetarian,1. Simply portion out your Chipotle Edamame. 2. Store the rest in an airtight container for lasting freshness.,73
Cajun Mixed Dal,Lunch,253.0,14.0,38.5,4.6,Vegetarian,1. Gather your Cajun Mixed Dal ingredients. 2. Sauté or bake in the oven at 375°F (190°C) until thoroughly warmed and aromatic. 3. Plate and garnish.,143
Sweet & Sour Pancakes,Breakfast,325.0,6.0,59.5,10.0,Vegetarian,1. Prepare the Sweet & Sour Pancakes base ingredients. 2. Warm up a pan over medium heat. 3. Cook for a few minutes until beautifully set and golden. 4. Plate nicely to start your day!,189
Loaded Hummus & Carrots,Snack,240.0,6.5,27.0,14.4,Vegetarian,1. Simply portion out your Loaded Hummus & Carrots. 2. Store the rest in an airtight container for lasting freshness.,120
Sweet & Sour Chickpea Curry,Dinner,390.0,12.0,68.0,10.0,Vegetarian,1. Gather your Sweet & Sour Chickpea Curry ingredients. 2. Sauté or bake in the oven at 375°F (190°C) until thoroughly warmed and aromatic. 3. Plate and garnish.,225
Extra Lean Greek Yogurt,Breakfast,80.0,12.0,4.0,0.0,Vegetarian,1. Prepare the Extra Lean Greek Yogurt base ingredients. 2. Warm up a pan over medium heat. 3. Cook for a few minutes until beautifully set and golden. 4. Plate nicely to start your day!,40
Chipotle Turkey Wrap,Lunch,420.0,26.2,38.5,15.6,Non-Vegetarian,1. Gather your Chipotle Turkey Wrap ingredients. 2. Sauté or bake in the oven at 375°F (190°C) until thoroughly warmed and aromatic. 3. Plate and garnish.,201
Tuna Sandwich,Lunch,400.0,28.0,35.0,15.0,Non-Vegetarian,1. Gather your Tuna Sandwich ingredients. 2. Sauté or bake in the oven at 375°F (190°C) until thoroughly warmed and aromatic. 3. Plate and garnish.,195
Herb-Roasted Greek Yogurt,Breakfast,115.0,10.5,4.2,0.0,Vegetarian,1. Prepare the Herb-Roasted Greek Yogurt base ingredients. 2. Warm up a pan over medium heat. 3. Cook for a few minutes until beautifully set and golden. 4. Plate nicely to start your day!,37
Cajun Greek Yogurt,Breakfast,115.0,10.0,4.4,0.0,Vegetarian,1. Prepare the Cajun Greek Yogurt base ingredients. 2. Warm up a pan over medium heat. 3. Cook for a few minutes until beautifully set and golden. 4. Plate nicely to start your day!,36
Oatmeal,Breakfast,150.0,5.0,27.0,3.0,Vegetarian,1. Prepare the Oatmeal base ingredients. 2. Warm up a pan over medium heat. 3. Cook for a few minutes until beautifully set and golden. 4. Plate nicely to start your day!,63
Salmon Fillet,Dinner,400.0,34.0,0.0,28.0,Non-Vegetarian,1. Preheat grill or skillet. 2. Season the Salmon Fillet to your liking. 3. Cook over medium-high heat for roughly 6-8 mins per side until the internal temperature is safe. 4. Rest for 5 mins before slicing.,155
Sweet & Sour Paneer Tikka,Dinner,455.0,18.0,20.4,25.0,Vegetarian,1. Cube the Sweet & Sour Paneer Tikka. 2. Toss in a pan with 1 tsp oil and your favorite spices. 3. Sauté on medium heat for 10-15 mins until golden brown. Serve hot!,158
Tofu,Lunch,140.0,15.0,2.0,8.0,Vegetarian,1. Cube the Tofu. 2. Toss in a pan with 1 tsp oil and your favorite spices. 3. Sauté on medium heat for 10-15 mins until golden brown. Serve hot!,62
Sweet & Sour Banana,Snack,136.5,1.0,45.9,0.0,Vegetarian,1. Simply portion out your Sweet & Sour Banana. 2. Store the rest in an airtight container for lasting freshness.,117
Herb-Roasted Edamame,Snack,138.0,11.6,10.5,6.0,Vegetarian,1. Simply portion out your Herb-Roasted Edamame. 2. Store the rest in an airtight container for lasting freshness.,70
Keto Avocado Toast,Breakfast,225.0,6.6,4.8,27.0,Vegetarian,1. Prepare the Keto Avocado Toast base ingredients. 2. Warm up a pan over medium heat. 3. Cook for a few minutes until beautifully set and golden. 4. Plate nicely to start your day!,96
Spicy Scrambled Eggs,Breakfast,147.0,12.0,1.1,10.5,Non-Vegetarian,1. Prepare the Spicy Scrambled Eggs base ingredients. 2. Warm up a pan over medium heat. 3. Cook for a few minutes until beautifully set and golden. 4. Plate nicely to start your day!,59
Spicy Tuna Salad,Lunch,315.0,28.0,11.0,15.8,Non-Vegetarian,1. Gather your Spicy Tuna Salad ingredients. 2. Sauté or bake in the oven at 375°F (190°C) until thoroughly warmed and aromatic. 3. Plate and garnish.,137
Cajun Tofu Scramble,Breakfast,184.0,14.0,4.4,11.5,Vegetarian,1. Cube the Cajun Tofu Scramble. 2. Toss in a pan with 1 tsp oil and your favorite spices. 3. Sauté on medium heat for 10-15 mins until golden brown. Serve hot!,75
Sweet Potato,Dinner,110.0,2.0,26.0,0.0,Vegetarian,1. Gather your Sweet Potato ingredients. 2. Sauté or bake in the oven at 375°F (190°C) until thoroughly warmed and aromatic. 3. Plate and garnish.,70
Sweet & Sour Caesar Salad,Lunch,390.0,10.0,25.5,22.0,Vegetarian,1. Gather your Sweet & Sour Caesar Salad ingredients. 2. Sauté or bake in the oven at 375°F (190°C) until thoroughly warmed and aromatic. 3. Plate and garnish.,144
Buttermilk Tofu Scramble,Breakfast,224.0,15.4,4.8,15.0,Vegetarian,1. Cube the Buttermilk Tofu Scramble. 2. Toss in a pan with 1 tsp oil and your favorite spices. 3. Sauté on medium heat for 10-15 mins until golden brown. Serve hot!,88
Buttermilk Fruit Smoothie,Breakfast,252.0,2.2,54.0,1.5,Vegetarian,1. Prepare the Buttermilk Fruit Smoothie base ingredients. 2. Warm up a pan over medium heat. 3. Cook for a few minutes until beautifully set and golden. 4. Plate nicely to start your day!,144
BBQ Protein Waffle,Breakfast,286.0,15.0,30.0,8.8,Vegetarian,1. Prepare the BBQ Protein Waffle base ingredients. 2. Warm up a pan over medium heat. 3. Cook for a few minutes until beautifully set and golden. 4. Plate nicely to start your day!,134
Turkey Wrap,Lunch,350.0,25.0,30.0,12.0,Non-Vegetarian,1. Gather your Turkey Wrap ingredients. 2. Sauté or bake in the oven at 375°F (190°C) until thoroughly warmed and aromatic. 3. Plate and garnish.,168
BBQ Cottage Cheese,Snack,156.0,14.0,7.5,4.4,Vegetarian,1. Simply portion out your BBQ Cottage Cheese. 2. Store the rest in an airtight container for lasting freshness.,65
Cottage Cheese,Snack,120.0,14.0,5.0,4.0,Vegetarian,1. Simply portion out your Cottage Cheese. 2. Store the rest in an airtight container for lasting freshness.,41
Teriyaki Scrambled Egg Whites,Breakfast,150.0,23.1,3.2,0.0,Non-Vegetarian,1. Prepare the Teriyaki Scrambled Egg Whites base ingredients. 2. Warm up a pan over medium heat. 3. Cook for a few minutes until beautifully set and golden. 4. Plate nicely to start your day!,66
Honey Glazed Protein Bar,Snack,270.0,20.0,39.6,6.6,Vegetarian,1. Simply portion out your Honey Glazed Protein Bar. 2. Store the rest in an airtight container for lasting freshness.,166
Herb-Roasted Tuna Sandwich,Lunch,460.0,29.4,36.8,18.0,Non-Vegetarian,1. Gather your Herb-Roasted Tuna Sandwich ingredients. 2. Sauté or bake in the oven at 375°F (190°C) until thoroughly warmed and aromatic. 3. Plate and garnish.,210
Herb-Roasted Turkey Wrap,Lunch,402.5,26.2,36.8,14.4,Non-Vegetarian,1. Gather your Herb-Roasted Turkey Wrap ingredients. 2. Sauté or bake in the oven at 375°F (190°C) until thoroughly warmed and aromatic. 3. Plate and garnish.,194
Extra Lean Chickpea Curry,Dinner,240.0,14.4,40.0,5.0,Vegetarian,1. Gather your Extra Lean Chickpea Curry ingredients. 2. Sauté or bake in the oven at 375°F (190°C) until thoroughly warmed and aromatic. 3. Plate and garnish.,148
BBQ Paneer Tikka,Dinner,455.0,18.0,18.0,27.5,Vegetarian,1. Cube the BBQ Paneer Tikka. 2. Toss in a pan with 1 tsp oil and your favorite spices. 3. Sauté on medium heat for 10-15 mins until golden brown. Serve hot!,159
Keto Tofu Scramble,Breakfast,144.0,15.4,0.8,18.0,Vegetarian,1. Cube the Keto Tofu Scramble. 2. Toss in a pan with 1 tsp oil and your favorite spices. 3. Sauté on medium heat for 10-15 mins until golden brown. Serve hot!,86
Loaded Vegetable Curry,Dinner,480.0,10.4,45.0,27.0,Vegetarian,1. Gather your Loaded Vegetable Curry ingredients. 2. Sauté or bake in the oven at 375°F (190°C) until thoroughly warmed and aromatic. 3. Plate and garnish.,206
Smoked Almonds,Snack,176.0,6.6,6.0,16.8,Vegetarian,1. Simply portion out your Smoked Almonds. 2. Store the rest in an airtight container for lasting freshness.,74
Loaded Greek Yogurt,Breakfast,160.0,13.0,6.0,0.0,Vegetarian,1. Prepare the Loaded Greek Yogurt base ingredients. 2. Warm up a pan over medium heat. 3. Cook for a few minutes until beautifully set and golden. 4. Plate nicely to start your day!,48
BBQ Tuna Sandwich,Lunch,520.0,28.0,52.5,16.5,Non-Vegetarian,1. Gather your BBQ Tuna Sandwich ingredients. 2. Sauté or bake in the oven at 375°F (190°C) until thoroughly warmed and aromatic. 3. Plate and garnish.,242
Teriyaki Pork Chop & Mash,Dinner,687.5,36.8,64.0,25.0,Non-Vegetarian,1. Preheat grill or skillet. 2. Season the Teriyaki Pork Chop & Mash to your liking. 3. Cook over medium-high heat for roughly 6-8 mins per side until the internal temperature is safe. 4. Rest for 5 mins before slicing.,314
Lemon Pepper Steak and Rice,Dinner,612.0,42.0,45.0,25.0,Non-Vegetarian,1. Preheat grill or skillet. 2. Season the Lemon Pepper Steak and Rice to your liking. 3. Cook over medium-high heat for roughly 6-8 mins per side until the internal temperature is safe. 4. Rest for 5 mins before slicing.,280
Garlic Sweet Potato,Dinner,121.0,2.1,31.2,0.0,Vegetarian,1. Gather your Garlic Sweet Potato ingredients. 2. Sauté or bake in the oven at 375°F (190°C) until thoroughly warmed and aromatic. 3. Plate and garnish.,83
Sweet & Sour Shrimp Pasta,Dinner,624.0,30.0,93.5,12.0,Non-Vegetarian,1. Gather your Sweet & Sour Shrimp Pasta ingredients. 2. Sauté or bake in the oven at 375°F (190°C) until thoroughly warmed and aromatic. 3. Plate and garnish.,339
Loaded Shrimp Pasta,Dinner,768.0,39.0,82.5,21.6,Non-Vegetarian,1. Gather your Loaded Shrimp Pasta ingredients. 2. Sauté or bake in the oven at 375°F (190°C) until thoroughly warmed and aromatic. 3. Plate and garnish.,358
Extra Lean Quinoa,Lunch,176.0,9.6,39.0,1.5,Vegetarian,1. Rinse thoroughly. 2. Boil 2 cups of water for every 1 cup of Extra Lean Quinoa. 3. Simmer covered for 15-20 mins until fluffy.,125
Loaded Steak and Rice,Dinner,960.0,52.0,67.5,45.0,Non-Vegetarian,1. Preheat grill or skillet. 2. Season the Loaded Steak and Rice to your liking. 3. Cook over medium-high heat for roughly 6-8 mins per side until the internal temperature is safe. 4. Rest for 5 mins before slicing.,411
Extra Lean Sweet Potato,Dinner,88.0,2.4,26.0,0.0,Vegetarian,1. Gather your Extra Lean Sweet Potato ingredients. 2. Sauté or bake in the oven at 375°F (190°C) until thoroughly warmed and aromatic. 3. Plate and garnish.,71
Teriyaki Peanut Butter Toast,Snack,275.0,8.4,32.0,12.0,Vegetarian,1. Simply portion out your Teriyaki Peanut Butter Toast. 2. Store the rest in an airtight container for lasting freshness.,131
Buttermilk Chicken Shawarma,Lunch,630.0,33.0,48.0,27.0,Non-Vegetarian,1. Preheat grill or skillet. 2. Season the Buttermilk Chicken Shawarma to your liking. 3. Cook over medium-high heat for roughly 6-8 mins per side until the internal temperature is safe. 4. Rest for 5 mins before slicing.,270
Lemon Pepper Tuna Salad,Lunch,306.0,29.4,10.0,15.0,Non-Vegetarian,1. Gather your Lemon Pepper Tuna Salad ingredients. 2. Sauté or bake in the oven at 375°F (190°C) until thoroughly warmed and aromatic. 3. Plate and garnish.,136
Lemon Pepper Edamame,Snack,122.4,11.6,10.0,5.0,Vegetarian,1. Simply portion out your Lemon Pepper Edamame. 2. Store the rest in an airtight container for lasting freshness.,66
Extra Lean Caesar Salad,Lunch,240.0,12.0,15.0,11.0,Vegetarian,1. Gather your Extra Lean Caesar Salad ingredients. 2. Sauté or bake in the oven at 375°F (190°C) until thoroughly warmed and aromatic. 3. Plate and garnish.,95
BBQ Scrambled Egg Whites,Breakfast,156.0,22.0,3.0,0.0,Non-Vegetarian,1. Prepare the BBQ Scrambled Egg Whites base ingredients. 2. Warm up a pan over medium heat. 3. Cook for a few minutes until beautifully set and golden. 4. Plate nicely to start your day!,62
Extra Lean Brown Rice,Lunch,172.0,6.0,45.0,0.5,Vegetarian,1. Rinse thoroughly. 2. Boil 2 cups of water for every 1 cup of Extra Lean Brown Rice. 3. Simmer covered for 15-20 mins until fluffy.,129
Keto Steak and Rice,Dinner,540.0,44.0,9.0,45.0,Non-Vegetarian,1. Preheat grill or skillet. 2. Season the Keto Steak and Rice to your liking. 3. Cook over medium-high heat for roughly 6-8 mins per side until the internal temperature is safe. 4. Rest for 5 mins before slicing.,245
Garlic Edamame,Snack,132.0,11.6,12.0,5.5,Vegetarian,1. Simply portion out your Garlic Edamame. 2. Store the rest in an airtight container for lasting freshness.,73
Teriyaki Protein Bar,Snack,250.0,21.0,35.2,6.0,Vegetarian,1. Simply portion out your Teriyaki Protein Bar. 2. Store the rest in an airtight container for lasting freshness.,156
Honey Glazed Rice Cakes,Snack,108.0,2.0,28.8,0.0,Vegetarian,1. Rinse thoroughly. 2. Boil 2 cups of water for every 1 cup of Honey Glazed Rice Cakes. 3. Simmer covered for 15-20 mins until fluffy.,77
Smoked Scrambled Eggs,Breakfast,154.0,13.2,1.0,12.0,Non-Vegetarian,1. Prepare the Smoked Scrambled Eggs base ingredients. 2. Warm up a pan over medium heat. 3. Cook for a few minutes until beautifully set and golden. 4. Plate nicely to start your day!,66
Buttermilk Vegetable Curry,Dinner,420.0,8.8,36.0,22.5,Vegetarian,1. Gather your Buttermilk Vegetable Curry ingredients. 2. Sauté or bake in the oven at 375°F (190°C) until thoroughly warmed and aromatic. 3. Plate and garnish.,168
Garlic Greek Yogurt,Breakfast,110.0,10.5,4.8,0.0,Vegetarian,1. Prepare the Garlic Greek Yogurt base ingredients. 2. Warm up a pan over medium heat. 3. Cook for a few minutes until beautifully set and golden. 4. Plate nicely to start your day!,38
Teriyaki Almonds,Snack,200.0,6.3,9.6,14.0,Vegetarian,1. Simply portion out your Teriyaki Almonds. 2. Store the rest in an airtight container for lasting freshness.,75
Brown Rice,Lunch,215.0,5.0,45.0,1.0,Vegetarian,1. Rinse thoroughly. 2. Boil 2 cups of water for every 1 cup of Brown Rice. 3. Simmer covered for 15-20 mins until fluffy.,128
BBQ Pork Chop & Mash,Dinner,715.0,35.0,60.0,27.5,Non-Vegetarian,1. Preheat grill or skillet. 2. Season the BBQ Pork Chop & Mash to your liking. 3. Cook over medium-high heat for roughly 6-8 mins per side until the internal temperature is safe. 4. Rest for 5 mins before slicing.,306
Keto Tuna Salad,Lunch,270.0,30.8,2.0,27.0,Non-Vegetarian,1. Gather your Keto Tuna Salad ingredients. 2. Sauté or bake in the oven at 375°F (190°C) until thoroughly warmed and aromatic. 3. Plate and garnish.,150
Herb-Roasted Banana,Snack,120.7,1.1,28.4,0.0,Vegetarian,1. Simply portion out your Herb-Roasted Banana. 2. Store the rest in an airtight container for lasting freshness.,74
Mashed Potatoes,Dinner,210.0,4.0,30.0,8.0,Vegetarian,1. Gather your Mashed Potatoes ingredients. 2. Sauté or bake in the oven at 375°F (190°C) until thoroughly warmed and aromatic. 3. Plate and garnish.,105
Honey Glazed Beef Stir Fry,Dinner,648.0,32.0,63.0,22.0,Non-Vegetarian,1. Gather your Honey Glazed Beef Stir Fry ingredients. 2. Sauté or bake in the oven at 375°F (190°C) until thoroughly warmed and aromatic. 3. Plate and garnish.,292
Lemon Pepper Oatmeal,Breakfast,153.0,5.2,27.0,3.0,Vegetarian,1. Prepare the Lemon Pepper Oatmeal base ingredients. 2. Warm up a pan over medium heat. 3. Cook for a few minutes until beautifully set and golden. 4. Plate nicely to start your day!,88
Herb-Roasted Peanut Butter Toast,Snack,253.0,8.4,21.0,14.4,Vegetarian,1. Simply portion out your Herb-Roasted Peanut Butter Toast. 2. Store the rest in an airtight container for lasting freshness.,110
Loaded Paneer Tikka,Dinner,560.0,23.4,18.0,45.0,Vegetarian,1. Cube the Loaded Paneer Tikka. 2. Toss in a pan with 1 tsp oil and your favorite spices. 3. Sauté on medium heat for 10-15 mins until golden brown. Serve hot!,216
Spicy Shrimp Pasta,Dinner,504.0,30.0,60.5,12.6,Non-Vegetarian,1. Gather your Spicy Shrimp Pasta ingredients. 2. Sauté or bake in the oven at 375°F (190°C) until thoroughly warmed and aromatic. 3. Plate and garnish.,258
Chipotle Quinoa Bowl,Lunch,384.0,14.7,49.5,13.0,Vegetarian,1. Rinse thoroughly. 2. Boil 2 cups of water for every 1 cup of Chipotle Quinoa Bowl. 3. Simmer covered for 15-20 mins until fluffy.,193
Mixed Dal,Lunch,220.0,14.0,35.0,4.0,Vegetarian,1. Gather your Mixed Dal ingredients. 2. Sauté or bake in the oven at 375°F (190°C) until thoroughly warmed and aromatic. 3. Plate and garnish.,132
Lemon Pepper Tofu,Lunch,142.8,15.8,2.0,8.0,Vegetarian,1. Cube the Lemon Pepper Tofu. 2. Toss in a pan with 1 tsp oil and your favorite spices. 3. Sauté on medium heat for 10-15 mins until golden brown. Serve hot!,64
Shrimp Pasta,Dinner,480.0,30.0,55.0,12.0,Non-Vegetarian,1. Gather your Shrimp Pasta ingredients. 2. Sauté or bake in the oven at 375°F (190°C) until thoroughly warmed and aromatic. 3. Plate and garnish.,242
Garlic Rice Cakes,Snack,88.0,2.1,19.2,0.0,Vegetarian,1. Rinse thoroughly. 2. Boil 2 cups of water for every 1 cup of Garlic Rice Cakes. 3. Simmer covered for 15-20 mins until fluffy.,53
Sweet & Sour Paneer,Dinner,416.0,18.0,8.5,25.0,Vegetarian,1. Cube the Sweet & Sour Paneer. 2. Toss in a pan with 1 tsp oil and your favorite spices. 3. Sauté on medium heat for 10-15 mins until golden brown. Serve hot!,129
Cajun Quinoa,Lunch,253.0,8.0,42.9,3.4,Vegetarian,1. Rinse thoroughly. 2. Boil 2 cups of water for every 1 cup of Cajun Quinoa. 3. Simmer covered for 15-20 mins until fluffy.,136
Loaded Chickpea Curry,Dinner,480.0,15.6,60.0,18.0,Vegetarian,1. Gather your Loaded Chickpea Curry ingredients. 2. Sauté or bake in the oven at 375°F (190°C) until thoroughly warmed and aromatic. 3. Plate and garnish.,234
Honey Glazed Cereal with Milk,Breakfast,283.5,8.0,63.0,4.4,Vegetarian,1. Prepare the Honey Glazed Cereal with Milk base ingredients. 2. Warm up a pan over medium heat. 3. Cook for a few minutes until beautifully set and golden. 4. Plate nicely to start your day!,188
Chipotle Pork Chop & Mash,Dinner,660.0,36.8,44.0,32.5,Non-Vegetarian,1. Preheat grill or skillet. 2. Season the Chipotle Pork Chop & Mash to your liking. 3. Cook over medium-high heat for roughly 6-8 mins per side until the internal temperature is safe. 4. Rest for 5 mins before slicing.,283
Paneer Tikka,Dinner,350.0,18.0,12.0,25.0,Vegetarian,1. Cube the Paneer Tikka. 2. Toss in a pan with 1 tsp oil and your favorite spices. 3. Sauté on medium heat for 10-15 mins until golden brown. Serve hot!,138
Herb-Roasted Avocado Toast,Breakfast,287.5,6.3,25.2,18.0,Vegetarian,1. Prepare the Herb-Roasted Avocado Toast base ingredients. 2. Warm up a pan over medium heat. 3. Cook for a few minutes until beautifully set and golden. 4. Plate nicely to start your day!,124
Cheesy Tuna Sandwich,Lunch,560.0,33.6,38.5,24.0,Non-Vegetarian,1. Gather your Cheesy Tuna Sandwich ingredients. 2. Sauté or bake in the oven at 375°F (190°C) until thoroughly warmed and aromatic. 3. Plate and garnish.,240
Sweet & Sour Mixed Dal,Lunch,286.0,14.0,59.5,4.0,Vegetarian,1. Gather your Sweet & Sour Mixed Dal ingredients. 2. Sauté or bake in the oven at 375°F (190°C) until thoroughly warmed and aromatic. 3. Plate and garnish.,194
Cheesy Salmon Fillet,Dinner,560.0,40.8,0.0,44.8,Non-Vegetarian,1. Preheat grill or skillet. 2. Season the Cheesy Salmon Fillet to your liking. 3. Cook over medium-high heat for roughly 6-8 mins per side until the internal temperature is safe. 4. Rest for 5 mins before slicing.,214
Herb-Roasted Oatmeal,Breakfast,172.5,5.2,28.4,3.6,Vegetarian,1. Prepare the Herb-Roasted Oatmeal base ingredients. 2. Warm up a pan over medium heat. 3. Cook for a few minutes until beautifully set and golden. 4. Plate nicely to start your day!,93
Herb-Roasted Quinoa,Lunch,253.0,8.4,41.0,3.6,Vegetarian,1. Rinse thoroughly. 2. Boil 2 cups of water for every 1 cup of Herb-Roasted Quinoa. 3. Simmer covered for 15-20 mins until fluffy.,132
Chickpea Curry,Dinner,300.0,12.0,40.0,10.0,Vegetarian,1. Gather your Chickpea Curry ingredients. 2. Sauté or bake in the oven at 375°F (190°C) until thoroughly warmed and aromatic. 3. Plate and garnish.,155
Quinoa,Lunch,220.0,8.0,39.0,3.0,Vegetarian,1. Rinse thoroughly. 2. Boil 2 cups of water for every 1 cup of Quinoa. 3. Simmer covered for 15-20 mins until fluffy.,125
Loaded Black Beans,Lunch,176.0,9.1,30.0,0.0,Vegetarian,1. Gather your Loaded Black Beans ingredients. 2. Sauté or bake in the oven at 375°F (190°C) until thoroughly warmed and aromatic. 3. Plate and garnish.,98
Lemon Pepper Pancakes,Breakfast,255.0,6.3,35.0,10.0,Vegetarian,1. Prepare the Lemon Pepper Pancakes base ingredients. 2. Warm up a pan over medium heat. 3. Cook for a few minutes until beautifully set and golden. 4. Plate nicely to start your day!,128
Spicy Mashed Potatoes,Dinner,220.5,4.0,33.0,8.4,Vegetarian,1. Gather your Spicy Mashed Potatoes ingredients. 2. Sauté or bake in the oven at 375°F (190°C) until thoroughly warmed and aromatic. 3. Plate and garnish.,114
Honey Glazed Sweet Potato,Dinner,148.5,2.0,46.8,0.0,Vegetarian,1. Gather your Honey Glazed Sweet Potato ingredients. 2. Sauté or bake in the oven at 375°F (190°C) until thoroughly warmed and aromatic. 3. Plate and garnish.,122
Sweet & Sour Bacon Strips,Breakfast,169.0,9.0,0.0,10.0,Non-Vegetarian,1. Prepare the Sweet & Sour Bacon Strips base ingredients. 2. Warm up a pan over medium heat. 3. Cook for a few minutes until beautifully set and golden. 4. Plate nicely to start your day!,48
Herb-Roasted Cottage Cheese,Snack,138.0,14.7,5.2,4.8,Vegetarian,1. Simply portion out your Herb-Roasted Cottage Cheese. 2. Store the rest in an airtight container for lasting freshness.,62
Honey Glazed Chickpea Curry,Dinner,405.0,12.0,72.0,11.0,Vegetarian,1. Gather your Honey Glazed Chickpea Curry ingredients. 2. Sauté or bake in the oven at 375°F (190°C) until thoroughly warmed and aromatic. 3. Plate and garnish.,238
Paneer,Dinner,320.0,18.0,5.0,25.0,Vegetarian,1. Cube the Paneer. 2. Toss in a pan with 1 tsp oil and your favorite spices. 3. Sauté on medium heat for 10-15 mins until golden brown. Serve hot!,120
Spicy Black Beans,Lunch,115.5,7.0,22.0,0.0,Vegetarian,1. Gather your Spicy Black Beans ingredients. 2. Sauté or bake in the oven at 375°F (190°C) until thoroughly warmed and aromatic. 3. Plate and garnish.,72
Sweet & Sour Pork Chop & Mash,Dinner,715.0,35.0,68.0,25.0,Non-Vegetarian,1. Preheat grill or skillet. 2. Season the Sweet & Sour Pork Chop & Mash to your liking. 3. Cook over medium-high heat for roughly 6-8 mins per side until the internal temperature is safe. 4. Rest for 5 mins before slicing.,320
Cajun Baked Salmon,Dinner,517.5,35.0,11.0,32.2,Non-Vegetarian,1. Preheat grill or skillet. 2. Season the Cajun Baked Salmon to your liking. 3. Cook over medium-high heat for roughly 6-8 mins per side until the internal temperature is safe. 4. Rest for 5 mins before slicing.,196
Protein Waffle,Breakfast,220.0,15.0,20.0,8.0,Vegetarian,1. Prepare the Protein Waffle base ingredients. 2. Warm up a pan over medium heat. 3. Cook for a few minutes until beautifully set and golden. 4. Plate nicely to start your day!,77
Sweet & Sour Fruit Smoothie,Breakfast,234.0,2.0,76.5,1.0,Vegetarian,1. Prepare the Sweet & Sour Fruit Smoothie base ingredients. 2. Warm up a pan over medium heat. 3. Cook for a few minutes until beautifully set and golden. 4. Plate nicely to start your day!,199
Almonds,Snack,160.0,6.0,6.0,14.0,Vegetarian,1. Simply portion out your Almonds. 2. Store the rest in an airtight container for lasting freshness.,47
Loaded Turkey Wrap,Lunch,560.0,32.5,45.0,21.6,Non-Vegetarian,1. Gather your Loaded Turkey Wrap ingredients. 2. Sauté or bake in the oven at 375°F (190°C) until thoroughly warmed and aromatic. 3. Plate and garnish.,248
White Rice,Lunch,205.0,4.0,44.0,0.0,Vegetarian,1. Rinse thoroughly. 2. Boil 2 cups of water for every 1 cup of White Rice. 3. Simmer covered for 15-20 mins until fluffy.,120
Smoked Hummus & Carrots,Snack,165.0,5.5,18.0,9.6,Vegetarian,1. Simply portion out your Smoked Hummus & Carrots. 2. Store the rest in an airtight container for lasting freshness.,83
Teriyaki Lentil Soup,Lunch,250.0,12.6,40.0,3.0,Vegetarian,1. Gather your Teriyaki Lentil Soup ingredients. 2. Sauté or bake in the oven at 375°F (190°C) until thoroughly warmed and aromatic. 3. Plate and garnish.,139
Scrambled Eggs,Breakfast,140.0,12.0,1.0,10.0,Non-Vegetarian,1. Prepare the Scrambled Eggs base ingredients. 2. Warm up a pan over medium heat. 3. Cook for a few minutes until beautifully set and golden. 4. Plate nicely to start your day!,41
Loaded Paneer,Dinner,512.0,23.4,7.5,45.0,Vegetarian,1. Cube the Loaded Paneer. 2. Toss in a pan with 1 tsp oil and your favorite spices. 3. Sauté on medium heat for 10-15 mins until golden brown. Serve hot!,190
Sweet & Sour Vegetable Curry,Dinner,390.0,8.0,51.0,15.0,Vegetarian,1. Gather your Sweet & Sour Vegetable Curry ingredients. 2. Sauté or bake in the oven at 375°F (190°C) until thoroughly warmed and aromatic. 3. Plate and garnish.,185
Smoked Oatmeal,Breakfast,165.0,5.5,27.0,3.6,Vegetarian,1. Prepare the Smoked Oatmeal base ingredients. 2. Warm up a pan over medium heat. 3. Cook for a few minutes until beautifully set and golden. 4. Plate nicely to start your day!,90
Loaded Avocado Toast,Breakfast,400.0,7.8,36.0,27.0,Vegetarian,1. Prepare the Loaded Avocado Toast base ingredients. 2. Warm up a pan over medium heat. 3. Cook for a few minutes until beautifully set and golden. 4. Plate nicely to start your day!,177
Cajun Steak and Rice,Dinner,690.0,40.0,49.5,28.7,Non-Vegetarian,1. Preheat grill or skillet. 2. Season the Cajun Steak and Rice to your liking. 3. Cook over medium-high heat for roughly 6-8 mins per side until the internal temperature is safe. 4. Rest for 5 mins before slicing.,296
Honey Glazed Paneer,Dinner,432.0,18.0,9.0,27.5,Vegetarian,1. Cube the Honey Glazed Paneer. 2. Toss in a pan with 1 tsp oil and your favorite spices. 3. Sauté on medium heat for 10-15 mins until golden brown. Serve hot!,136
Chicken Shawarma,Lunch,450.0,30.0,40.0,18.0,Non-Vegetarian,1. Preheat grill or skillet. 2. Season the Chicken Shawarma to your liking. 3. Cook over medium-high heat for roughly 6-8 mins per side until the internal temperature is safe. 4. Rest for 5 mins before slicing.,220
Teriyaki Chickpea Curry,Dinner,375.0,12.6,64.0,10.0,Vegetarian,1. Gather your Teriyaki Chickpea Curry ingredients. 2. Sauté or bake in the oven at 375°F (190°C) until thoroughly warmed and aromatic. 3. Plate and garnish.,216
Honey Glazed Turkey Wrap,Lunch,472.5,25.0,54.0,13.2,Non-Vegetarian,1. Gather your Honey Glazed Turkey Wrap ingredients. 2. Sauté or bake in the oven at 375°F (190°C) until thoroughly warmed and aromatic. 3. Plate and garnish.,230
Chia Seed Pudding,Breakfast,190.0,8.0,20.0,10.0,Vegetarian,1. Prepare the Chia Seed Pudding base ingredients. 2. Warm up a pan over medium heat. 3. Cook for a few minutes until beautifully set and golden. 4. Plate nicely to start your day!,68
Fruit Smoothie,Breakfast,180.0,2.0,45.0,1.0,Vegetarian,1. Prepare the Fruit Smoothie base ingredients. 2. Warm up a pan over medium heat. 3. Cook for a few minutes until beautifully set and golden. 4. Plate nicely to start your day!,86
Sweet & Sour Tuna Salad,Lunch,390.0,28.0,17.0,15.0,Non-Vegetarian,1. Gather your Sweet & Sour Tuna Salad ingredients. 2. Sauté or bake in the oven at 375°F (190°C) until thoroughly warmed and aromatic. 3. Plate and garnish.,150
Cheesy Banana,Snack,147.0,1.2,29.7,0.0,Vegetarian,1. Simply portion out your Cheesy Banana. 2. Store the rest in an airtight container for lasting freshness.,77
Honey Glazed Avocado Toast,Breakfast,337.5,6.0,43.2,16.5,Vegetarian,1. Prepare the Honey Glazed Avocado Toast base ingredients. 2. Warm up a pan over medium heat. 3. Cook for a few minutes until beautifully set and golden. 4. Plate nicely to start your day!,164
Beef Stir Fry,Dinner,480.0,32.0,35.0,20.0,Non-Vegetarian,1. Gather your Beef Stir Fry ingredients. 2. Sauté or bake in the oven at 375°F (190°C) until thoroughly warmed and aromatic. 3. Plate and garnish.,218
Chipotle Salmon Fillet,Dinner,480.0,35.7,0.0,36.4,Non-Vegetarian,1. Preheat grill or skillet. 2. Season the Chipotle Salmon Fillet to your liking. 3. Cook over medium-high heat for roughly 6-8 mins per side until the internal temperature is safe. 4. Rest for 5 mins before slicing.,180
Cheesy Edamame,Snack,168.0,13.2,11.0,8.0,Vegetarian,1. Simply portion out your Cheesy Edamame. 2. Store the rest in an airtight container for lasting freshness.,80
Cheesy Fruit Smoothie,Breakfast,252.0,2.4,49.5,1.6,Vegetarian,1. Prepare the Cheesy Fruit Smoothie base ingredients. 2. Warm up a pan over medium heat. 3. Cook for a few minutes until beautifully set and golden. 4. Plate nicely to start your day!,134
Buttermilk Avocado Toast,Breakfast,350.0,6.6,28.8,22.5,Vegetarian,1. Prepare the Buttermilk Avocado Toast base ingredients. 2. Warm up a pan over medium heat. 3. Cook for a few minutes until beautifully set and golden. 4. Plate nicely to start your day!,145
Chipotle Vegetable Curry,Dinner,360.0,8.4,33.0,19.5,Vegetarian,1. Gather your Chipotle Vegetable Curry ingredients. 2. Sauté or bake in the oven at 375°F (190°C) until thoroughly warmed and aromatic. 3. Plate and garnish.,152
Lemon Pepper Turkey Wrap,Lunch,357.0,26.2,35.0,12.0,Non-Vegetarian,1. Gather your Lemon Pepper Turkey Wrap ingredients. 2. Sauté or bake in the oven at 375°F (190°C) until thoroughly warmed and aromatic. 3. Plate and garnish.,183
Honey Glazed Quinoa,Lunch,297.0,8.0,70.2,3.3,Vegetarian,1. Rinse thoroughly. 2. Boil 2 cups of water for every 1 cup of Honey Glazed Quinoa. 3. Simmer covered for 15-20 mins until fluffy.,204
Lemon Pepper Lentil Soup,Lunch,204.0,12.6,25.0,3.0,Vegetarian,1. Gather your Lemon Pepper Lentil Soup ingredients. 2. Sauté or bake in the oven at 375°F (190°C) until thoroughly warmed and aromatic. 3. Plate and garnish.,102
Honey Glazed Chicken Breast,Lunch,222.8,31.0,0.0,3.3,Non-Vegetarian,1. Preheat grill or skillet. 2. Season the Honey Glazed Chicken Breast to your liking. 3. Cook over medium-high heat for roughly 6-8 mins per side until the internal temperature is safe. 4. Rest for 5 mins before slicing.,86
Smoked Brown Rice,Lunch,236.5,5.5,45.0,1.2,Vegetarian,1. Rinse thoroughly. 2. Boil 2 cups of water for every 1 cup of Smoked Brown Rice. 3. Simmer covered for 15-20 mins until fluffy.,129
Teriyaki Chicken Breast & Broccoli,Lunch,312.5,36.8,16.0,5.0,Non-Vegetarian,1. Preheat grill or skillet. 2. Season the Teriyaki Chicken Breast & Broccoli to your liking. 3. Cook over medium-high heat for roughly 6-8 mins per side until the internal temperature is safe. 4. Rest for 5 mins before slicing.,144
Keto Beef Stir Fry,Dinner,432.0,35.2,7.0,36.0,Non-Vegetarian,1. Gather your Keto Beef Stir Fry ingredients. 2. Sauté or bake in the oven at 375°F (190°C) until thoroughly warmed and aromatic. 3. Plate and garnish.,196
Smoked Baked Salmon,Dinner,495.0,38.5,10.0,33.6,Non-Vegetarian,1. Preheat grill or skillet. 2. Season the Smoked Baked Salmon to your liking. 3. Cook over medium-high heat for roughly 6-8 mins per side until the internal temperature is safe. 4. Rest for 5 mins before slicing.,205
Honey Glazed Hummus & Carrots,Snack,202.5,5.0,32.4,8.8,Vegetarian,1. Simply portion out your Honey Glazed Hummus & Carrots. 2. Store the rest in an airtight container for lasting freshness.,116
Buttermilk Black Beans,Lunch,154.0,7.7,24.0,0.0,Vegetarian,1. Gather your Buttermilk Black Beans ingredients. 2. Sauté or bake in the oven at 375°F (190°C) until thoroughly warmed and aromatic. 3. Plate and garnish.,79
Keto Cottage Cheese,Snack,108.0,15.4,1.0,7.2,Vegetarian,1. Simply portion out your Keto Cottage Cheese. 2. Store the rest in an airtight container for lasting freshness.,59
Extra Lean Tofu Scramble,Breakfast,128.0,16.8,4.0,5.0,Vegetarian,1. Cube the Extra Lean Tofu Scramble. 2. Toss in a pan with 1 tsp oil and your favorite spices. 3. Sauté on medium heat for 10-15 mins until golden brown. Serve hot!,64
Lemon Pepper Quinoa Bowl,Lunch,326.4,14.7,45.0,10.0,Vegetarian,1. Rinse thoroughly. 2. Boil 2 cups of water for every 1 cup of Lemon Pepper Quinoa Bowl. 3. Simmer covered for 15-20 mins until fluffy.,174
Cajun Pancakes,Breakfast,287.5,6.0,38.5,11.5,Vegetarian,1. Prepare the Cajun Pancakes base ingredients. 2. Warm up a pan over medium heat. 3. Cook for a few minutes until beautifully set and golden. 4. Plate nicely to start your day!,140
Cajun Mashed Potatoes,Dinner,241.5,4.0,33.0,9.2,Vegetarian,1. Gather your Cajun Mashed Potatoes ingredients. 2. Sauté or bake in the oven at 375°F (190°C) until thoroughly warmed and aromatic. 3. Plate and garnish.,116
Buttermilk Steak,Dinner,700.0,44.0,0.0,52.5,Non-Vegetarian,1. Preheat grill or skillet. 2. Season the Buttermilk Steak to your liking. 3. Cook over medium-high heat for roughly 6-8 mins per side until the internal temperature is safe. 4. Rest for 5 mins before slicing.,241
BBQ Brown Rice,Lunch,279.5,5.0,67.5,1.1,Vegetarian,1. Rinse thoroughly. 2. Boil 2 cups of water for every 1 cup of BBQ Brown Rice. 3. Simmer covered for 15-20 mins until fluffy.,184
Extra Lean Black Beans,Lunch,88.0,8.4,20.0,0.0,Vegetarian,1. Gather your Extra Lean Black Beans ingredients. 2. Sauté or bake in the oven at 375°F (190°C) until thoroughly warmed and aromatic. 3. Plate and garnish.,71
Garlic Chicken Breast & Broccoli,Lunch,275.0,36.8,12.0,5.5,Non-Vegetarian,1. Preheat grill or skillet. 2. Season the Garlic Chicken Breast & Broccoli to your liking. 3. Cook over medium-high heat for roughly 6-8 mins per side until the internal temperature is safe. 4. Rest for 5 mins before slicing.,136
Lemon Pepper Scrambled Egg Whites,Breakfast,122.4,23.1,2.0,0.0,Non-Vegetarian,1. Prepare the Lemon Pepper Scrambled Egg Whites base ingredients. 2. Warm up a pan over medium heat. 3. Cook for a few minutes until beautifully set and golden. 4. Plate nicely to start your day!,63
Cheesy Brown Rice,Lunch,301.0,6.0,49.5,1.6,Vegetarian,1. Rinse thoroughly. 2. Boil 2 cups of water for every 1 cup of Cheesy Brown Rice. 3. Simmer covered for 15-20 mins until fluffy.,143
Sweet & Sour Scrambled Eggs,Breakfast,182.0,12.0,1.7,10.0,Non-Vegetarian,1. Prepare the Sweet & Sour Scrambled Eggs base ingredients. 2. Warm up a pan over medium heat. 3. Cook for a few minutes until beautifully set and golden. 4. Plate nicely to start your day!,59
BBQ Avocado Toast,Breakfast,325.0,6.0,36.0,16.5,Vegetarian,1. Prepare the BBQ Avocado Toast base ingredients. 2. Warm up a pan over medium heat. 3. Cook for a few minutes until beautifully set and golden. 4. Plate nicely to start your day!,146
Cajun Tofu,Lunch,161.0,15.0,2.2,9.2,Vegetarian,1. Cube the Cajun Tofu. 2. Toss in a pan with 1 tsp oil and your favorite spices. 3. Sauté on medium heat for 10-15 mins until golden brown. Serve hot!,66
BBQ Chicken Breast,Lunch,214.5,31.0,0.0,3.3,Non-Vegetarian,1. Preheat grill or skillet. 2. Season the BBQ Chicken Breast to your liking. 3. Cook over medium-high heat for roughly 6-8 mins per side until the internal temperature is safe. 4. Rest for 5 mins before slicing.,86
Lemon Pepper Bacon Strips,Breakfast,132.6,9.5,0.0,10.0,Non-Vegetarian,1. Prepare the Lemon Pepper Bacon Strips base ingredients. 2. Warm up a pan over medium heat. 3. Cook for a few minutes until beautifully set and golden. 4. Plate nicely to start your day!,49
Chipotle Chicken Breast,Lunch,198.0,32.6,0.0,3.9,Non-Vegetarian,1. Preheat grill or skillet. 2. Season the Chipotle Chicken Breast to your liking. 3. Cook over medium-high heat for roughly 6-8 mins per side until the internal temperature is safe. 4. Rest for 5 mins before slicing.,91
Smoked Caesar Salad,Lunch,330.0,11.0,15.0,26.4,Vegetarian,1. Gather your Smoked Caesar Salad ingredients. 2. Sauté or bake in the oven at 375°F (190°C) until thoroughly warmed and aromatic. 3. Plate and garnish.,131
Smoked Turkey Wrap,Lunch,385.0,27.5,30.0,14.4,Non-Vegetarian,1. Gather your Smoked Turkey Wrap ingredients. 2. Sauté or bake in the oven at 375°F (190°C) until thoroughly warmed and aromatic. 3. Plate and garnish.,180
Buttermilk Chickpea Curry,Dinner,420.0,13.2,48.0,15.0,Vegetarian,1. Gather your Buttermilk Chickpea Curry ingredients. 2. Sauté or bake in the oven at 375°F (190°C) until thoroughly warmed and aromatic. 3. Plate and garnish.,190
Extra Lean Scrambled Eggs,Breakfast,112.0,14.4,1.0,5.0,Non-Vegetarian,1. Prepare the Extra Lean Scrambled Eggs base ingredients. 2. Warm up a pan over medium heat. 3. Cook for a few minutes until beautifully set and golden. 4. Plate nicely to start your day!,51
Keto Protein Waffle,Breakfast,198.0,16.5,4.0,14.4,Vegetarian,1. Prepare the Keto Protein Waffle base ingredients. 2. Warm up a pan over medium heat. 3. Cook for a few minutes until beautifully set and golden. 4. Plate nicely to start your day!,87
Cajun Steak,Dinner,575.0,40.0,0.0,40.2,Non-Vegetarian,1. Preheat grill or skillet. 2. Season the Cajun Steak to your liking. 3. Cook over medium-high heat for roughly 6-8 mins per side until the internal temperature is safe. 4. Rest for 5 mins before slicing.,200
Extra Lean Steak,Dinner,400.0,48.0,0.0,17.5,Non-Vegetarian,1. Preheat grill or skillet. 2. Season the Extra Lean Steak to your liking. 3. Cook over medium-high heat for roughly 6-8 mins per side until the internal temperature is safe. 4. Rest for 5 mins before slicing.,164
Cheesy White Rice,Lunch,287.0,4.8,48.4,0.0,Vegetarian,1. Rinse thoroughly. 2. Boil 2 cups of water for every 1 cup of Cheesy White Rice. 3. Simmer covered for 15-20 mins until fluffy.,133
Honey Glazed Lentil Soup,Dinner,243.0,10.0,54.0,2.2,Vegetarian,1. Gather your Honey Glazed Lentil Soup ingredients. 2. Sauté or bake in the oven at 375°F (190°C) until thoroughly warmed and aromatic. 3. Plate and garnish.,166
Keto Greek Yogurt,Breakfast,90.0,11.0,0.8,0.0,Vegetarian,1. Prepare the Keto Greek Yogurt base ingredients. 2. Warm up a pan over medium heat. 3. Cook for a few minutes until beautifully set and golden. 4. Plate nicely to start your day!,30
Cheesy Cottage Cheese,Snack,168.0,16.8,5.5,6.4,Vegetarian,1. Simply portion out your Cheesy Cottage Cheese. 2. Store the rest in an airtight container for lasting freshness.,72
Herb-Roasted Mashed Potatoes,Dinner,241.5,4.2,31.5,9.6,Vegetarian,1. Gather your Herb-Roasted Mashed Potatoes ingredients. 2. Sauté or bake in the oven at 375°F (190°C) until thoroughly warmed and aromatic. 3. Plate and garnish.,113
BBQ Edamame,Snack,156.0,11.0,15.0,5.5,Vegetarian,1. Simply portion out your BBQ Edamame. 2. Store the rest in an airtight container for lasting freshness.,79
Loaded Fruit Smoothie,Breakfast,288.0,2.6,67.5,1.8,Vegetarian,1. Prepare the Loaded Fruit Smoothie base ingredients. 2. Warm up a pan over medium heat. 3. Cook for a few minutes until beautifully set and golden. 4. Plate nicely to start your day!,180
Keto Mixed Dal,Lunch,198.0,15.4,7.0,7.2,Vegetarian,1. Gather your Keto Mixed Dal ingredients. 2. Sauté or bake in the oven at 375°F (190°C) until thoroughly warmed and aromatic. 3. Plate and garnish.,74
Cheesy Vegetable Curry,Dinner,420.0,9.6,33.0,24.0,Vegetarian,1. Gather your Cheesy Vegetable Curry ingredients. 2. Sauté or bake in the oven at 375°F (190°C) until thoroughly warmed and aromatic. 3. Plate and garnish.,166
Keto Almonds,Snack,144.0,6.6,1.2,25.2,Vegetarian,1. Simply portion out your Keto Almonds. 2. Store the rest in an airtight container for lasting freshness.,82
Honey Glazed Tuna Sandwich,Lunch,540.0,28.0,63.0,16.5,Non-Vegetarian,1. Gather your Honey Glazed Tuna Sandwich ingredients. 2. Sauté or bake in the oven at 375°F (190°C) until thoroughly warmed and aromatic. 3. Plate and garnish.,269
Lemon Pepper Pork Chop & Mash,Dinner,561.0,36.8,40.0,25.0,Non-Vegetarian,1. Preheat grill or skillet. 2. Season the Lemon Pepper Pork Chop & Mash to your liking. 3. Cook over medium-high heat for roughly 6-8 mins per side until the internal temperature is safe. 4. Rest for 5 mins before slicing.,254
BBQ Lentil Soup,Dinner,234.0,10.0,45.0,2.2,Vegetarian,1. Gather your BBQ Lentil Soup ingredients. 2. Sauté or bake in the oven at 375°F (190°C) until thoroughly warmed and aromatic. 3. Plate and garnish.,143
Extra Lean Paneer,Dinner,256.0,21.6,5.0,12.5,Vegetarian,1. Cube the Extra Lean Paneer. 2. Toss in a pan with 1 tsp oil and your favorite spices. 3. Sauté on medium heat for 10-15 mins until golden brown. Serve hot!,98
Spicy Paneer,Dinner,336.0,18.0,5.5,26.2,Vegetarian,1. Cube the Spicy Paneer. 2. Toss in a pan with 1 tsp oil and your favorite spices. 3. Sauté on medium heat for 10-15 mins until golden brown. Serve hot!,124
Loaded Scrambled Egg Whites,Breakfast,192.0,28.6,3.0,0.0,Non-Vegetarian,1. Prepare the Loaded Scrambled Egg Whites base ingredients. 2. Warm up a pan over medium heat. 3. Cook for a few minutes until beautifully set and golden. 4. Plate nicely to start your day!,79
Extra Lean Beef Stir Fry,Dinner,384.0,38.4,35.0,10.0,Non-Vegetarian,1. Gather your Extra Lean Beef Stir Fry ingredients. 2. Sauté or bake in the oven at 375°F (190°C) until thoroughly warmed and aromatic. 3. Plate and garnish.,208
Smoked Rice Cakes,Snack,88.0,2.2,16.0,0.0,Vegetarian,1. Rinse thoroughly. 2. Boil 2 cups of water for every 1 cup of Smoked Rice Cakes. 3. Simmer covered for 15-20 mins until fluffy.,46
Chicken Breast & Broccoli,Lunch,250.0,35.0,10.0,5.0,Non-Vegetarian,1. Preheat grill or skillet. 2. Season the Chicken Breast & Broccoli to your liking. 3. Cook over medium-high heat for roughly 6-8 mins per side until the internal temperature is safe. 4. Rest for 5 mins before slicing.,125
Teriyaki Brown Rice,Lunch,268.8,5.2,72.0,1.0,Vegetarian,1. Rinse thoroughly. 2. Boil 2 cups of water for every 1 cup of Teriyaki Brown Rice. 3. Simmer covered for 15-20 mins until fluffy.,196
Spicy Tofu Scramble,Breakfast,168.0,14.0,4.4,10.5,Vegetarian,1. Cube the Spicy Tofu Scramble. 2. Toss in a pan with 1 tsp oil and your favorite spices. 3. Sauté on medium heat for 10-15 mins until golden brown. Serve hot!,72
Herb-Roasted Chicken Breast & Broccoli,Lunch,287.5,36.8,10.5,6.0,Non-Vegetarian,1. Preheat grill or skillet. 2. Season the Herb-Roasted Chicken Breast & Broccoli to your liking. 3. Cook over medium-high heat for roughly 6-8 mins per side until the internal temperature is safe. 4. Rest for 5 mins before slicing.,133
Chipotle Shrimp Pasta,Dinner,576.0,31.5,60.5,15.6,Non-Vegetarian,1. Gather your Chipotle Shrimp Pasta ingredients. 2. Sauté or bake in the oven at 375°F (190°C) until thoroughly warmed and aromatic. 3. Plate and garnish.,269
Herb-Roasted Chia Seed Pudding,Breakfast,218.5,8.4,21.0,12.0,Vegetarian,1. Prepare the Herb-Roasted Chia Seed Pudding base ingredients. 2. Warm up a pan over medium heat. 3. Cook for a few minutes until beautifully set and golden. 4. Plate nicely to start your day!,104
Cheesy Pork Chop & Mash,Dinner,770.0,42.0,44.0,40.0,Non-Vegetarian,1. Preheat grill or skillet. 2. Season the Cheesy Pork Chop & Mash to your liking. 3. Cook over medium-high heat for roughly 6-8 mins per side until the internal temperature is safe. 4. Rest for 5 mins before slicing.,315
Cajun Oatmeal,Breakfast,172.5,5.0,29.7,3.4,Vegetarian,1. Prepare the Cajun Oatmeal base ingredients. 2. Warm up a pan over medium heat. 3. Cook for a few minutes until beautifully set and golden. 4. Plate nicely to start your day!,95
Lemon Pepper Cottage Cheese,Snack,122.4,14.7,5.0,4.0,Vegetarian,1. Simply portion out your Lemon Pepper Cottage Cheese. 2. Store the rest in an airtight container for lasting freshness.,59
Buttermilk Lentil Soup,Dinner,252.0,11.0,36.0,3.0,Vegetarian,1. Gather your Buttermilk Lentil Soup ingredients. 2. Sauté or bake in the oven at 375°F (190°C) until thoroughly warmed and aromatic. 3. Plate and garnish.,125
Chipotle Avocado Toast,Breakfast,300.0,6.3,26.4,19.5,Vegetarian,1. Prepare the Chipotle Avocado Toast base ingredients. 2. Warm up a pan over medium heat. 3. Cook for a few minutes until beautifully set and golden. 4. Plate nicely to start your day!,130
Cajun Scrambled Eggs,Breakfast,161.0,12.0,1.1,11.5,Non-Vegetarian,1. Prepare the Cajun Scrambled Eggs base ingredients. 2. Warm up a pan over medium heat. 3. Cook for a few minutes until beautifully set and golden. 4. Plate nicely to start your day!,62
Spicy Cottage Cheese,Snack,126.0,14.0,5.5,4.2,Vegetarian,1. Simply portion out your Spicy Cottage Cheese. 2. Store the rest in an airtight container for lasting freshness.,59
Cheesy Paneer,Dinner,448.0,21.6,5.5,40.0,Vegetarian,1. Cube the Cheesy Paneer. 2. Toss in a pan with 1 tsp oil and your favorite spices. 3. Sauté on medium heat for 10-15 mins until golden brown. Serve hot!,168
Cheesy Baked Salmon,Dinner,630.0,42.0,11.0,44.8,Non-Vegetarian,1. Preheat grill or skillet. 2. Season the Cheesy Baked Salmon to your liking. 3. Cook over medium-high heat for roughly 6-8 mins per side until the internal temperature is safe. 4. Rest for 5 mins before slicing.,244
Spicy Chicken Breast,Lunch,173.2,31.0,0.0,3.2,Non-Vegetarian,1. Preheat grill or skillet. 2. Season the Spicy Chicken Breast to your liking. 3. Cook over medium-high heat for roughly 6-8 mins per side until the internal temperature is safe. 4. Rest for 5 mins before slicing.,86
Lemon Pepper Beef Stir Fry,Dinner,489.6,33.6,35.0,20.0,Non-Vegetarian,1. Gather your Lemon Pepper Beef Stir Fry ingredients. 2. Sauté or bake in the oven at 375°F (190°C) until thoroughly warmed and aromatic. 3. Plate and garnish.,222
Quinoa Bowl,Lunch,320.0,14.0,45.0,10.0,Vegetarian,1. Rinse thoroughly. 2. Boil 2 cups of water for every 1 cup of Quinoa Bowl. 3. Simmer covered for 15-20 mins until fluffy.,172
Keto Chicken Shawarma,Lunch,405.0,33.0,8.0,32.4,Non-Vegetarian,1. Preheat grill or skillet. 2. Season the Keto Chicken Shawarma to your liking. 3. Cook over medium-high heat for roughly 6-8 mins per side until the internal temperature is safe. 4. Rest for 5 mins before slicing.,184
Teriyaki White Rice,Lunch,256.2,4.2,70.4,0.0,Vegetarian,1. Rinse thoroughly. 2. Boil 2 cups of water for every 1 cup of Teriyaki White Rice. 3. Simmer covered for 15-20 mins until fluffy.,187
Spicy Chia Seed Pudding,Breakfast,199.5,8.0,22.0,10.5,Vegetarian,1. Prepare the Spicy Chia Seed Pudding base ingredients. 2. Warm up a pan over medium heat. 3. Cook for a few minutes until beautifully set and golden. 4. Plate nicely to start your day!,101
Cajun Chicken Breast,Lunch,189.7,31.0,0.0,3.4,Non-Vegetarian,1. Preheat grill or skillet. 2. Season the Cajun Chicken Breast to your liking. 3. Cook over medium-high heat for roughly 6-8 mins per side until the internal temperature is safe. 4. Rest for 5 mins before slicing.,86
Garlic Turkey Wrap,Lunch,385.0,26.2,36.0,13.2,Non-Vegetarian,1. Gather your Garlic Turkey Wrap ingredients. 2. Sauté or bake in the oven at 375°F (190°C) until thoroughly warmed and aromatic. 3. Plate and garnish.,188
Buttermilk Chicken Breast,Lunch,231.0,34.1,0.0,4.5,Non-Vegetarian,1. Preheat grill or skillet. 2. Season the Buttermilk Chicken Breast to your liking. 3. Cook over medium-high heat for roughly 6-8 mins per side until the internal temperature is safe. 4. Rest for 5 mins before slicing.,96
Cajun Scrambled Egg Whites,Breakfast,138.0,22.0,2.2,0.0,Non-Vegetarian,1. Prepare the Cajun Scrambled Egg Whites base ingredients. 2. Warm up a pan over medium heat. 3. Cook for a few minutes until beautifully set and golden. 4. Plate nicely to start your day!,60
Lemon Pepper Mixed Dal,Lunch,224.4,14.7,35.0,4.0,Vegetarian,1. Gather your Lemon Pepper Mixed Dal ingredients. 2. Sauté or bake in the oven at 375°F (190°C) until thoroughly warmed and aromatic. 3. Plate and garnish.,134
Keto Fruit Smoothie,Breakfast,162.0,2.2,9.0,1.8,Vegetarian,1. Prepare the Keto Fruit Smoothie base ingredients. 2. Warm up a pan over medium heat. 3. Cook for a few minutes until beautifully set and golden. 4. Plate nicely to start your day!,32
Spicy Chicken Breast & Broccoli,Lunch,262.5,35.0,11.0,5.2,Non-Vegetarian,1. Preheat grill or skillet. 2. Season the Spicy Chicken Breast & Broccoli to your liking. 3. Cook over medium-high heat for roughly 6-8 mins per side until the internal temperature is safe. 4. Rest for 5 mins before slicing.,128
Cheesy Bacon Strips,Breakfast,182.0,10.8,0.0,16.0,Non-Vegetarian,1. Prepare the Cheesy Bacon Strips base ingredients. 2. Warm up a pan over medium heat. 3. Cook for a few minutes until beautifully set and golden. 4. Plate nicely to start your day!,67
Herb-Roasted Chicken Breast,Lunch,189.7,32.6,0.0,3.6,Non-Vegetarian,1. Preheat grill or skillet. 2. Season the Herb-Roasted Chicken Breast to your liking. 3. Cook over medium-high heat for roughly 6-8 mins per side until the internal temperature is safe. 4. Rest for 5 mins before slicing.,90
Garlic Black Beans,Lunch,121.0,7.4,24.0,0.0,Vegetarian,1. Gather your Garlic Black Beans ingredients. 2. Sauté or bake in the oven at 375°F (190°C) until thoroughly warmed and aromatic. 3. Plate and garnish.,78
Keto Scrambled Egg Whites,Breakfast,108.0,24.2,0.4,0.0,Non-Vegetarian,1. Prepare the Keto Scrambled Egg Whites base ingredients. 2. Warm up a pan over medium heat. 3. Cook for a few minutes until beautifully set and golden. 4. Plate nicely to start your day!,61
Keto Bacon Strips,Breakfast,117.0,9.9,0.0,18.0,Non-Vegetarian,1. Prepare the Keto Bacon Strips base ingredients. 2. Warm up a pan over medium heat. 3. Cook for a few minutes until beautifully set and golden. 4. Plate nicely to start your day!,70
Honey Glazed Cottage Cheese,Snack,162.0,14.0,9.0,4.4,Vegetarian,1. Simply portion out your Honey Glazed Cottage Cheese. 2. Store the rest in an airtight container for lasting freshness.,68
Cajun Fruit Smoothie,Breakfast,207.0,2.0,49.5,1.1,Vegetarian,1. Prepare the Cajun Fruit Smoothie base ingredients. 2. Warm up a pan over medium heat. 3. Cook for a few minutes until beautifully set and golden. 4. Plate nicely to start your day!,132
BBQ Tuna Salad,Lunch,390.0,28.0,15.0,16.5,Non-Vegetarian,1. Gather your BBQ Tuna Salad ingredients. 2. Sauté or bake in the oven at 375°F (190°C) until thoroughly warmed and aromatic. 3. Plate and garnish.,149
Buttermilk White Rice,Lunch,287.0,4.4,52.8,0.0,Vegetarian,1. Rinse thoroughly. 2. Boil 2 cups of water for every 1 cup of Buttermilk White Rice. 3. Simmer covered for 15-20 mins until fluffy.,143
Teriyaki Black Beans,Lunch,137.5,7.4,32.0,0.0,Vegetarian,1. Gather your Teriyaki Black Beans ingredients. 2. Sauté or bake in the oven at 375°F (190°C) until thoroughly warmed and aromatic. 3. Plate and garnish.,98
Smoked Scrambled Egg Whites,Breakfast,132.0,24.2,2.0,0.0,Non-Vegetarian,1. Prepare the Smoked Scrambled Egg Whites base ingredients. 2. Warm up a pan over medium heat. 3. Cook for a few minutes until beautifully set and golden. 4. Plate nicely to start your day!,66
Extra Lean Peanut Butter Toast,Snack,176.0,9.6,20.0,6.0,Vegetarian,1. Simply portion out your Extra Lean Peanut Butter Toast. 2. Store the rest in an airtight container for lasting freshness.,89
Loaded Tuna Sandwich,Lunch,640.0,36.4,52.5,27.0,Non-Vegetarian,1. Gather your Loaded Tuna Sandwich ingredients. 2. Sauté or bake in the oven at 375°F (190°C) until thoroughly warmed and aromatic. 3. Plate and garnish.,290
Chipotle Protein Smoothie,Breakfast,240.0,26.2,16.5,3.9,Vegetarian,1. Prepare the Chipotle Protein Smoothie base ingredients. 2. Warm up a pan over medium heat. 3. Cook for a few minutes until beautifully set and golden. 4. Plate nicely to start your day!,116
Sweet & Sour Turkey Wrap,Lunch,455.0,25.0,51.0,12.0,Non-Vegetarian,1. Gather your Sweet & Sour Turkey Wrap ingredients. 2. Sauté or bake in the oven at 375°F (190°C) until thoroughly warmed and aromatic. 3. Plate and garnish.,220
Extra Lean Edamame,Snack,96.0,13.2,10.0,2.5,Vegetarian,1. Simply portion out your Extra Lean Edamame. 2. Store the rest in an airtight container for lasting freshness.,64
Smoked Cereal with Milk,Breakfast,231.0,8.8,35.0,4.8,Vegetarian,1. Prepare the Smoked Cereal with Milk base ingredients. 2. Warm up a pan over medium heat. 3. Cook for a few minutes until beautifully set and golden. 4. Plate nicely to start your day!,121
Spicy Edamame,Snack,126.0,11.0,11.0,5.2,Vegetarian,1. Simply portion out your Spicy Edamame. 2. Store the rest in an airtight container for lasting freshness.,68
Buttermilk Sweet Potato,Dinner,154.0,2.2,31.2,0.0,Vegetarian,1. Gather your Buttermilk Sweet Potato ingredients. 2. Sauté or bake in the oven at 375°F (190°C) until thoroughly warmed and aromatic. 3. Plate and garnish.,84
Loaded Boiled Eggs,Snack,224.0,15.6,1.5,18.0,Non-Vegetarian,1. Simply portion out your Loaded Boiled Eggs. 2. Store the rest in an airtight container for lasting freshness.,88
Herb-Roasted Sweet Potato,Dinner,126.5,2.1,27.3,0.0,Vegetarian,1. Gather your Herb-Roasted Sweet Potato ingredients. 2. Sauté or bake in the oven at 375°F (190°C) until thoroughly warmed and aromatic. 3. Plate and garnish.,74
Sweet & Sour Cereal with Milk,Breakfast,273.0,8.0,59.5,4.0,Vegetarian,1. Prepare the Sweet & Sour Cereal with Milk base ingredients. 2. Warm up a pan over medium heat. 3. Cook for a few minutes until beautifully set and golden. 4. Plate nicely to start your day!,179
Smoked Shrimp Pasta,Dinner,528.0,33.0,55.0,14.4,Non-Vegetarian,1. Gather your Smoked Shrimp Pasta ingredients. 2. Sauté or bake in the oven at 375°F (190°C) until thoroughly warmed and aromatic. 3. Plate and garnish.,256
BBQ Chia Seed Pudding,Breakfast,247.0,8.0,30.0,11.0,Vegetarian,1. Prepare the BBQ Chia Seed Pudding base ingredients. 2. Warm up a pan over medium heat. 3. Cook for a few minutes until beautifully set and golden. 4. Plate nicely to start your day!,122
Extra Lean Protein Bar,Snack,160.0,24.0,22.0,3.0,Vegetarian,1. Simply portion out your Extra Lean Protein Bar. 2. Store the rest in an airtight container for lasting freshness.,122
Teriyaki Beef Stir Fry,Dinner,600.0,33.6,56.0,20.0,Non-Vegetarian,1. Gather your Teriyaki Beef Stir Fry ingredients. 2. Sauté or bake in the oven at 375°F (190°C) until thoroughly warmed and aromatic. 3. Plate and garnish.,274
Loaded Quinoa Bowl,Lunch,512.0,18.2,67.5,18.0,Vegetarian,1. Rinse thoroughly. 2. Boil 2 cups of water for every 1 cup of Loaded Quinoa Bowl. 3. Simmer covered for 15-20 mins until fluffy.,259
Sweet & Sour Tuna Sandwich,Lunch,520.0,28.0,59.5,15.0,Non-Vegetarian,1. Gather your Sweet & Sour Tuna Sandwich ingredients. 2. Sauté or bake in the oven at 375°F (190°C) until thoroughly warmed and aromatic. 3. Plate and garnish.,256
Teriyaki Protein Smoothie,Breakfast,250.0,26.2,24.0,3.0,Vegetarian,1. Prepare the Teriyaki Protein Smoothie base ingredients. 2. Warm up a pan over medium heat. 3. Cook for a few minutes until beautifully set and golden. 4. Plate nicely to start your day!,133
Chipotle Mixed Dal,Lunch,264.0,14.7,38.5,5.2,Vegetarian,1. Gather your Chipotle Mixed Dal ingredients. 2. Sauté or bake in the oven at 375°F (190°C) until thoroughly warmed and aromatic. 3. Plate and garnish.,146
Garlic Baked Salmon,Dinner,495.0,36.8,12.0,30.8,Non-Vegetarian,1. Preheat grill or skillet. 2. Season the Garlic Baked Salmon to your liking. 3. Cook over medium-high heat for roughly 6-8 mins per side until the internal temperature is safe. 4. Rest for 5 mins before slicing.,199
Honey Glazed Caesar Salad,Lunch,405.0,10.0,27.0,24.2,Vegetarian,1. Gather your Honey Glazed Caesar Salad ingredients. 2. Sauté or bake in the oven at 375°F (190°C) until thoroughly warmed and aromatic. 3. Plate and garnish.,153
Extra Lean Avocado Toast,Breakfast,200.0,7.2,24.0,7.5,Vegetarian,1. Prepare the Extra Lean Avocado Toast base ingredients. 2. Warm up a pan over medium heat. 3. Cook for a few minutes until beautifully set and golden. 4. Plate nicely to start your day!,97
Buttermilk Tuna Salad,Lunch,420.0,30.8,12.0,22.5,Non-Vegetarian,1. Gather your Buttermilk Tuna Salad ingredients. 2. Sauté or bake in the oven at 375°F (190°C) until thoroughly warmed and aromatic. 3. Plate and garnish.,163
Herb-Roasted Scrambled Egg Whites,Breakfast,138.0,23.1,2.1,0.0,Non-Vegetarian,1. Prepare the Herb-Roasted Scrambled Egg Whites base ingredients. 2. Warm up a pan over medium heat. 3. Cook for a few minutes until beautifully set and golden. 4. Plate nicely to start your day!,63
Cajun Vegetable Curry,Dinner,345.0,8.0,33.0,17.2,Vegetarian,1. Gather your Cajun Vegetable Curry ingredients. 2. Sauté or bake in the oven at 375°F (190°C) until thoroughly warmed and aromatic. 3. Plate and garnish.,146
Cajun Paneer Tikka,Dinner,402.5,18.0,13.2,28.7,Vegetarian,1. Cube the Cajun Paneer Tikka. 2. Toss in a pan with 1 tsp oil and your favorite spices. 3. Sauté on medium heat for 10-15 mins until golden brown. Serve hot!,150
Spicy Peanut Butter Toast,Snack,231.0,8.0,22.0,12.6,Vegetarian,1. Simply portion out your Spicy Peanut Butter Toast. 2. Store the rest in an airtight container for lasting freshness.,106
Keto Baked Salmon,Dinner,405.0,38.5,2.0,50.4,Non-Vegetarian,1. Preheat grill or skillet. 2. Season the Keto Baked Salmon to your liking. 3. Cook over medium-high heat for roughly 6-8 mins per side until the internal temperature is safe. 4. Rest for 5 mins before slicing.,227
Keto Mashed Potatoes,Dinner,189.0,4.4,6.0,14.4,Vegetarian,1. Gather your Keto Mashed Potatoes ingredients. 2. Sauté or bake in the oven at 375°F (190°C) until thoroughly warmed and aromatic. 3. Plate and garnish.,62
Chipotle Boiled Eggs,Snack,168.0,12.6,1.1,13.0,Non-Vegetarian,1. Simply portion out your Chipotle Boiled Eggs. 2. Store the rest in an airtight container for lasting freshness.,67
Spicy Scrambled Egg Whites,Breakfast,126.0,22.0,2.2,0.0,Non-Vegetarian,1. Prepare the Spicy Scrambled Egg Whites base ingredients. 2. Warm up a pan over medium heat. 3. Cook for a few minutes until beautifully set and golden. 4. Plate nicely to start your day!,60
Garlic Steak,Dinner,550.0,42.0,0.0,38.5,Non-Vegetarian,1. Preheat grill or skillet. 2. Season the Garlic Steak to your liking. 3. Cook over medium-high heat for roughly 6-8 mins per side until the internal temperature is safe. 4. Rest for 5 mins before slicing.,201
Herb-Roasted Tofu Scramble,Breakfast,184.0,14.7,4.2,12.0,Vegetarian,1. Cube the Herb-Roasted Tofu Scramble. 2. Toss in a pan with 1 tsp oil and your favorite spices. 3. Sauté on medium heat for 10-15 mins until golden brown. Serve hot!,77
Lemon Pepper White Rice,Lunch,209.1,4.2,44.0,0.0,Vegetarian,1. Rinse thoroughly. 2. Boil 2 cups of water for every 1 cup of Lemon Pepper White Rice. 3. Simmer covered for 15-20 mins until fluffy.,120
BBQ Tofu,Lunch,182.0,15.0,3.0,8.8,Vegetarian,1. Cube the BBQ Tofu. 2. Toss in a pan with 1 tsp oil and your favorite spices. 3. Sauté on medium heat for 10-15 mins until golden brown. Serve hot!,67
Honey Glazed Mashed Potatoes,Dinner,283.5,4.0,54.0,8.8,Vegetarian,1. Gather your Honey Glazed Mashed Potatoes ingredients. 2. Sauté or bake in the oven at 375°F (190°C) until thoroughly warmed and aromatic. 3. Plate and garnish.,167
Spicy Avocado Toast,Breakfast,262.5,6.0,26.4,15.8,Vegetarian,1. Prepare the Spicy Avocado Toast base ingredients. 2. Warm up a pan over medium heat. 3. Cook for a few minutes until beautifully set and golden. 4. Plate nicely to start your day!,120
Lemon Pepper Fruit Smoothie,Breakfast,183.6,2.1,45.0,1.0,Vegetarian,1. Prepare the Lemon Pepper Fruit Smoothie base ingredients. 2. Warm up a pan over medium heat. 3. Cook for a few minutes until beautifully set and golden. 4. Plate nicely to start your day!,120
Smoked Tuna Sandwich,Lunch,440.0,30.8,35.0,18.0,Non-Vegetarian,1. Gather your Smoked Tuna Sandwich ingredients. 2. Sauté or bake in the oven at 375°F (190°C) until thoroughly warmed and aromatic. 3. Plate and garnish.,210
Cheesy Sweet Potato,Dinner,154.0,2.4,28.6,0.0,Vegetarian,1. Gather your Cheesy Sweet Potato ingredients. 2. Sauté or bake in the oven at 375°F (190°C) until thoroughly warmed and aromatic. 3. Plate and garnish.,78
Sweet & Sour Apple,Snack,123.5,0.5,42.5,0.3,Vegetarian,1. Simply portion out your Sweet & Sour Apple. 2. Store the rest in an airtight container for lasting freshness.,108
Cajun Caesar Salad,Lunch,345.0,10.0,16.5,25.3,Vegetarian,1. Gather your Cajun Caesar Salad ingredients. 2. Sauté or bake in the oven at 375°F (190°C) until thoroughly warmed and aromatic. 3. Plate and garnish.,130
Teriyaki Cereal with Milk,Breakfast,262.5,8.4,56.0,4.0,Vegetarian,1. Prepare the Teriyaki Cereal with Milk base ingredients. 2. Warm up a pan over medium heat. 3. Cook for a few minutes until beautifully set and golden. 4. Plate nicely to start your day!,171
Garlic Chickpea Curry,Dinner,330.0,12.6,48.0,11.0,Vegetarian,1. Gather your Garlic Chickpea Curry ingredients. 2. Sauté or bake in the oven at 375°F (190°C) until thoroughly warmed and aromatic. 3. Plate and garnish.,179
Extra Lean Vegetable Curry,Dinner,240.0,9.6,30.0,7.5,Vegetarian,1. Gather your Extra Lean Vegetable Curry ingredients. 2. Sauté or bake in the oven at 375°F (190°C) until thoroughly warmed and aromatic. 3. Plate and garnish.,118
Teriyaki Avocado Toast,Breakfast,312.5,6.3,38.4,15.0,Vegetarian,1. Prepare the Teriyaki Avocado Toast base ingredients. 2. Warm up a pan over medium heat. 3. Cook for a few minutes until beautifully set and golden. 4. Plate nicely to start your day!,149
Lemon Pepper Chicken Breast & Broccoli,Lunch,255.0,36.8,10.0,5.0,Non-Vegetarian,1. Preheat grill or skillet. 2. Season the Lemon Pepper Chicken Breast & Broccoli to your liking. 3. Cook over medium-high heat for roughly 6-8 mins per side until the internal temperature is safe. 4. Rest for 5 mins before slicing.,130
Chipotle Steak and Rice,Dinner,720.0,42.0,49.5,32.5,Non-Vegetarian,1. Preheat grill or skillet. 2. Season the Chipotle Steak and Rice to your liking. 3. Cook over medium-high heat for roughly 6-8 mins per side until the internal temperature is safe. 4. Rest for 5 mins before slicing.,310
Chipotle Tofu Scramble,Breakfast,192.0,14.7,4.4,13.0,Vegetarian,1. Cube the Chipotle Tofu Scramble. 2. Toss in a pan with 1 tsp oil and your favorite spices. 3. Sauté on medium heat for 10-15 mins until golden brown. Serve hot!,80
Extra Lean Baked Salmon,Dinner,360.0,42.0,10.0,14.0,Non-Vegetarian,1. Preheat grill or skillet. 2. Season the Extra Lean Baked Salmon to your liking. 3. Cook over medium-high heat for roughly 6-8 mins per side until the internal temperature is safe. 4. Rest for 5 mins before slicing.,165
Protein Bar,Snack,200.0,20.0,22.0,6.0,Vegetarian,1. Simply portion out your Protein Bar. 2. Store the rest in an airtight container for lasting freshness.,86
Cheesy Hummus & Carrots,Snack,210.0,6.0,19.8,12.8,Vegetarian,1. Simply portion out your Cheesy Hummus & Carrots. 2. Store the rest in an airtight container for lasting freshness.,96
Smoked Pancakes,Breakfast,275.0,6.6,35.0,12.0,Vegetarian,1. Prepare the Smoked Pancakes base ingredients. 2. Warm up a pan over medium heat. 3. Cook for a few minutes until beautifully set and golden. 4. Plate nicely to start your day!,134
Spicy Chickpea Curry,Dinner,315.0,12.0,44.0,10.5,Vegetarian,1. Gather your Spicy Chickpea Curry ingredients. 2. Sauté or bake in the oven at 375°F (190°C) until thoroughly warmed and aromatic. 3. Plate and garnish.,166
Loaded Scrambled Eggs,Breakfast,224.0,15.6,1.5,18.0,Non-Vegetarian,1. Prepare the Loaded Scrambled Eggs base ingredients. 2. Warm up a pan over medium heat. 3. Cook for a few minutes until beautifully set and golden. 4. Plate nicely to start your day!,88
Cajun Black Beans,Lunch,126.5,7.0,22.0,0.0,Vegetarian,1. Gather your Cajun Black Beans ingredients. 2. Sauté or bake in the oven at 375°F (190°C) until thoroughly warmed and aromatic. 3. Plate and garnish.,72
Cheesy Tuna Salad,Lunch,420.0,33.6,11.0,24.0,Non-Vegetarian,1. Gather your Cheesy Tuna Salad ingredients. 2. Sauté or bake in the oven at 375°F (190°C) until thoroughly warmed and aromatic. 3. Plate and garnish.,172
Spicy Quinoa Bowl,Lunch,336.0,14.0,49.5,10.5,Vegetarian,1. Rinse thoroughly. 2. Boil 2 cups of water for every 1 cup of Spicy Quinoa Bowl. 3. Simmer covered for 15-20 mins until fluffy.,185
Honey Glazed Salmon Fillet,Dinner,540.0,34.0,0.0,30.8,Non-Vegetarian,1. Preheat grill or skillet. 2. Season the Honey Glazed Salmon Fillet to your liking. 3. Cook over medium-high heat for roughly 6-8 mins per side until the internal temperature is safe. 4. Rest for 5 mins before slicing.,162
Steak,Dinner,500.0,40.0,0.0,35.0,Non-Vegetarian,1. Preheat grill or skillet. 2. Season the Steak to your liking. 3. Cook over medium-high heat for roughly 6-8 mins per side until the internal temperature is safe. 4. Rest for 5 mins before slicing.,188
Baked Salmon,Dinner,450.0,35.0,10.0,28.0,Non-Vegetarian,1. Preheat grill or skillet. 2. Season the Baked Salmon to your liking. 3. Cook over medium-high heat for roughly 6-8 mins per side until the internal temperature is safe. 4. Rest for 5 mins before slicing.,182
Scrambled Egg Whites,Breakfast,120.0,22.0,2.0,0.0,Non-Vegetarian,1. Prepare the Scrambled Egg Whites base ingredients. 2. Warm up a pan over medium heat. 3. Cook for a few minutes until beautifully set and golden. 4. Plate nicely to start your day!,43
Spicy Steak,Dinner,525.0,40.0,0.0,36.8,Non-Vegetarian,1. Preheat grill or skillet. 2. Season the Spicy Steak to your liking. 3. Cook over medium-high heat for roughly 6-8 mins per side until the internal temperature is safe. 4. Rest for 5 mins before slicing.,192
Extra Lean Chicken Breast,Lunch,132.0,37.2,0.0,1.5,Non-Vegetarian,1. Preheat grill or skillet. 2. Season the Extra Lean Chicken Breast to your liking. 3. Cook over medium-high heat for roughly 6-8 mins per side until the internal temperature is safe. 4. Rest for 5 mins before slicing.,97
Spicy Pork Chop & Mash,Dinner,577.5,35.0,44.0,26.2,Non-Vegetarian,1. Preheat grill or skillet. 2. Season the Spicy Pork Chop & Mash to your liking. 3. Cook over medium-high heat for roughly 6-8 mins per side until the internal temperature is safe. 4. Rest for 5 mins before slicing.,263
Lemon Pepper Caesar Salad,Lunch,306.0,10.5,15.0,22.0,Vegetarian,1. Gather your Lemon Pepper Caesar Salad ingredients. 2. Sauté or bake in the oven at 375°F (190°C) until thoroughly warmed and aromatic. 3. Plate and garnish.,119
Lemon Pepper Sweet Potato,Dinner,112.2,2.1,26.0,0.0,Vegetarian,1. Gather your Lemon Pepper Sweet Potato ingredients. 2. Sauté or bake in the oven at 375°F (190°C) until thoroughly warmed and aromatic. 3. Plate and garnish.,70
Loaded Bacon Strips,Breakfast,208.0,11.7,0.0,18.0,Non-Vegetarian,1. Prepare the Loaded Bacon Strips base ingredients. 2. Warm up a pan over medium heat. 3. Cook for a few minutes until beautifully set and golden. 4. Plate nicely to start your day!,74
Rice Cakes,Snack,80.0,2.0,16.0,0.0,Vegetarian,1. Rinse thoroughly. 2. Boil 2 cups of water for every 1 cup of Rice Cakes. 3. Simmer covered for 15-20 mins until fluffy.,32
Lemon Pepper Black Beans,Lunch,112.2,7.4,20.0,0.0,Vegetarian,1. Gather your Lemon Pepper Black Beans ingredients. 2. Sauté or bake in the oven at 375°F (190°C) until thoroughly warmed and aromatic. 3. Plate and garnish.,68
Loaded Chicken Breast & Broccoli,Lunch,400.0,45.5,15.0,9.0,Non-Vegetarian,1. Preheat grill or skillet. 2. Season the Loaded Chicken Breast & Broccoli to your liking. 3. Cook over medium-high heat for roughly 6-8 mins per side until the internal temperature is safe. 4. Rest for 5 mins before slicing.,174
Buttermilk Caesar Salad,Lunch,420.0,11.0,18.0,33.0,Vegetarian,1. Gather your Buttermilk Caesar Salad ingredients. 2. Sauté or bake in the oven at 375°F (190°C) until thoroughly warmed and aromatic. 3. Plate and garnish.,155
Buttermilk Beef Stir Fry,Dinner,672.0,35.2,42.0,30.0,Non-Vegetarian,1. Gather your Buttermilk Beef Stir Fry ingredients. 2. Sauté or bake in the oven at 375°F (190°C) until thoroughly warmed and aromatic. 3. Plate and garnish.,268
Loaded Tuna Salad,Lunch,480.0,36.4,15.0,27.0,Non-Vegetarian,1. Gather your Loaded Tuna Salad ingredients. 2. Sauté or bake in the oven at 375°F (190°C) until thoroughly warmed and aromatic. 3. Plate and garnish.,196
Vegetable Curry,Dinner,300.0,8.0,30.0,15.0,Vegetarian,1. Gather your Vegetable Curry ingredients. 2. Sauté or bake in the oven at 375°F (190°C) until thoroughly warmed and aromatic. 3. Plate and garnish.,132
BBQ Almonds,Snack,208.0,6.0,9.0,15.4,Vegetarian,1. Simply portion out your BBQ Almonds. 2. Store the rest in an airtight container for lasting freshness.,76
Teriyaki Quinoa Bowl,Lunch,400.0,14.7,72.0,10.0,Vegetarian,1. Rinse thoroughly. 2. Boil 2 cups of water for every 1 cup of Teriyaki Quinoa Bowl. 3. Simmer covered for 15-20 mins until fluffy.,242
Cheesy Quinoa,Lunch,308.0,9.6,42.9,4.8,Vegetarian,1. Rinse thoroughly. 2. Boil 2 cups of water for every 1 cup of Cheesy Quinoa. 3. Simmer covered for 15-20 mins until fluffy.,143
Lemon Pepper Chickpea Curry,Dinner,306.0,12.6,40.0,10.0,Vegetarian,1. Gather your Lemon Pepper Chickpea Curry ingredients. 2. Sauté or bake in the oven at 375°F (190°C) until thoroughly warmed and aromatic. 3. Plate and garnish.,156
Spicy Tuna Sandwich,Lunch,420.0,28.0,38.5,15.8,Non-Vegetarian,1. Gather your Spicy Tuna Sandwich ingredients. 2. Sauté or bake in the oven at 375°F (190°C) until thoroughly warmed and aromatic. 3. Plate and garnish.,206
Loaded Lentil Soup,Dinner,288.0,13.0,45.0,3.6,Vegetarian,1. Gather your Loaded Lentil Soup ingredients. 2. Sauté or bake in the oven at 375°F (190°C) until thoroughly warmed and aromatic. 3. Plate and garnish.,154
BBQ Vegetable Curry,Dinner,390.0,8.0,45.0,16.5,Vegetarian,1. Gather your BBQ Vegetable Curry ingredients. 2. Sauté or bake in the oven at 375°F (190°C) until thoroughly warmed and aromatic. 3. Plate and garnish.,174
Bacon Strips,Breakfast,130.0,9.0,0.0,10.0,Non-Vegetarian,1. Prepare the Bacon Strips base ingredients. 2. Warm up a pan over medium heat. 3. Cook for a few minutes until beautifully set and golden. 4. Plate nicely to start your day!,34
Extra Lean Lentil Soup,Dinner,144.0,12.0,30.0,1.0,Vegetarian,1. Gather your Extra Lean Lentil Soup ingredients. 2. Sauté or bake in the oven at 375°F (190°C) until thoroughly warmed and aromatic. 3. Plate and garnish.,108
Loaded Cottage Cheese,Snack,192.0,18.2,7.5,7.2,Vegetarian,1. Simply portion out your Loaded Cottage Cheese. 2. Store the rest in an airtight container for lasting freshness.,82
Loaded Protein Waffle,Breakfast,352.0,19.5,30.0,14.4,Vegetarian,1. Prepare the Loaded Protein Waffle base ingredients. 2. Warm up a pan over medium heat. 3. Cook for a few minutes until beautifully set and golden. 4. Plate nicely to start your day!,160
Loaded Sweet Potato,Dinner,176.0,2.6,39.0,0.0,Vegetarian,1. Gather your Loaded Sweet Potato ingredients. 2. Sauté or bake in the oven at 375°F (190°C) until thoroughly warmed and aromatic. 3. Plate and garnish.,104
Spicy Apple,Snack,99.8,0.5,27.5,0.3,Vegetarian,1. Simply portion out your Spicy Apple. 2. Store the rest in an airtight container for lasting freshness.,71
BBQ Quinoa,Lunch,286.0,8.0,58.5,3.3,Vegetarian,1. Rinse thoroughly. 2. Boil 2 cups of water for every 1 cup of BBQ Quinoa. 3. Simmer covered for 15-20 mins until fluffy.,174
Teriyaki Shrimp Pasta,Dinner,600.0,31.5,88.0,12.0,Non-Vegetarian,1. Gather your Teriyaki Shrimp Pasta ingredients. 2. Sauté or bake in the oven at 375°F (190°C) until thoroughly warmed and aromatic. 3. Plate and garnish.,329
Buttermilk Turkey Wrap,Lunch,490.0,27.5,42.0,18.0,Non-Vegetarian,1. Gather your Buttermilk Turkey Wrap ingredients. 2. Sauté or bake in the oven at 375°F (190°C) until thoroughly warmed and aromatic. 3. Plate and garnish.,219
Cheesy Protein Waffle,Breakfast,308.0,18.0,22.0,12.8,Vegetarian,1. Prepare the Cheesy Protein Waffle base ingredients. 2. Warm up a pan over medium heat. 3. Cook for a few minutes until beautifully set and golden. 4. Plate nicely to start your day!,132
Teriyaki Mixed Dal,Lunch,275.0,14.7,56.0,4.0,Vegetarian,1. Gather your Teriyaki Mixed Dal ingredients. 2. Sauté or bake in the oven at 375°F (190°C) until thoroughly warmed and aromatic. 3. Plate and garnish.,187
Loaded Quinoa,Lunch,352.0,10.4,58.5,5.4,Vegetarian,1. Rinse thoroughly. 2. Boil 2 cups of water for every 1 cup of Loaded Quinoa. 3. Simmer covered for 15-20 mins until fluffy.,186
Cheesy Pancakes,Breakfast,350.0,7.2,38.5,16.0,Vegetarian,1. Prepare the Cheesy Pancakes base ingredients. 2. Warm up a pan over medium heat. 3. Cook for a few minutes until beautifully set and golden. 4. Plate nicely to start your day!,154
Banana,Snack,105.0,1.0,27.0,0.0,Vegetarian,1. Simply portion out your Banana. 2. Store the rest in an airtight container for lasting freshness.,50
Caesar Salad,Lunch,300.0,10.0,15.0,22.0,Vegetarian,1. Gather your Caesar Salad ingredients. 2. Sauté or bake in the oven at 375°F (190°C) until thoroughly warmed and aromatic. 3. Plate and garnish.,118
Herb-Roasted Paneer,Dinner,368.0,18.9,5.2,30.0,Vegetarian,1. Cube the Herb-Roasted Paneer. 2. Toss in a pan with 1 tsp oil and your favorite spices. 3. Sauté on medium heat for 10-15 mins until golden brown. Serve hot!,135
Extra Lean Chicken Shawarma,Lunch,360.0,36.0,40.0,9.0,Non-Vegetarian,1. Preheat grill or skillet. 2. Season the Extra Lean Chicken Shawarma to your liking. 3. Cook over medium-high heat for roughly 6-8 mins per side until the internal temperature is safe. 4. Rest for 5 mins before slicing.,212
Cajun White Rice,Lunch,235.7,4.0,48.4,0.0,Vegetarian,1. Rinse thoroughly. 2. Boil 2 cups of water for every 1 cup of Cajun White Rice. 3. Simmer covered for 15-20 mins until fluffy.,131
Extra Lean Cottage Cheese,Snack,96.0,16.8,5.0,2.0,Vegetarian,1. Simply portion out your Extra Lean Cottage Cheese. 2. Store the rest in an airtight container for lasting freshness.,60
Protein Smoothie,Breakfast,200.0,25.0,15.0,3.0,Vegetarian,1. Prepare the Protein Smoothie base ingredients. 2. Warm up a pan over medium heat. 3. Cook for a few minutes until beautifully set and golden. 4. Plate nicely to start your day!,77
BBQ Quinoa Bowl,Lunch,416.0,14.0,67.5,11.0,Vegetarian,1. Rinse thoroughly. 2. Boil 2 cups of water for every 1 cup of BBQ Quinoa Bowl. 3. Simmer covered for 15-20 mins until fluffy.,231
Chipotle Mashed Potatoes,Dinner,252.0,4.2,33.0,10.4,Vegetarian,1. Gather your Chipotle Mashed Potatoes ingredients. 2. Sauté or bake in the oven at 375°F (190°C) until thoroughly warmed and aromatic. 3. Plate and garnish.,119
Loaded Tofu,Lunch,224.0,19.5,3.0,14.4,Vegetarian,1. Cube the Loaded Tofu. 2. Toss in a pan with 1 tsp oil and your favorite spices. 3. Sauté on medium heat for 10-15 mins until golden brown. Serve hot!,92
Sweet & Sour Baked Salmon,Dinner,585.0,35.0,17.0,28.0,Non-Vegetarian,1. Preheat grill or skillet. 2. Season the Sweet & Sour Baked Salmon to your liking. 3. Cook over medium-high heat for roughly 6-8 mins per side until the internal temperature is safe. 4. Rest for 5 mins before slicing.,200
Keto Chickpea Curry,Dinner,270.0,13.2,8.0,18.0,Vegetarian,1. Gather your Keto Chickpea Curry ingredients. 2. Sauté or bake in the oven at 375°F (190°C) until thoroughly warmed and aromatic. 3. Plate and garnish.,98
Sweet & Sour Steak,Dinner,650.0,40.0,0.0,35.0,Non-Vegetarian,1. Preheat grill or skillet. 2. Season the Sweet & Sour Steak to your liking. 3. Cook over medium-high heat for roughly 6-8 mins per side until the internal temperature is safe. 4. Rest for 5 mins before slicing.,188
Sweet & Sour Beef Stir Fry,Dinner,624.0,32.0,59.5,20.0,Non-Vegetarian,1. Gather your Sweet & Sour Beef Stir Fry ingredients. 2. Sauté or bake in the oven at 375°F (190°C) until thoroughly warmed and aromatic. 3. Plate and garnish.,279
Teriyaki Apple,Snack,118.8,0.5,40.0,0.3,Vegetarian,1. Simply portion out your Teriyaki Apple. 2. Store the rest in an airtight container for lasting freshness.,102
BBQ Tofu Scramble,Breakfast,208.0,14.0,6.0,11.0,Vegetarian,1. Cube the BBQ Tofu Scramble. 2. Toss in a pan with 1 tsp oil and your favorite spices. 3. Sauté on medium heat for 10-15 mins until golden brown. Serve hot!,78
Extra Lean Pancakes,Breakfast,200.0,7.2,35.0,5.0,Vegetarian,1. Prepare the Extra Lean Pancakes base ingredients. 2. Warm up a pan over medium heat. 3. Cook for a few minutes until beautifully set and golden. 4. Plate nicely to start your day!,118
Loaded Tofu Scramble,Breakfast,256.0,18.2,6.0,18.0,Vegetarian,1. Cube the Loaded Tofu Scramble. 2. Toss in a pan with 1 tsp oil and your favorite spices. 3. Sauté on medium heat for 10-15 mins until golden brown. Serve hot!,106
Buttermilk Cereal with Milk,Breakfast,294.0,8.8,42.0,6.0,Vegetarian,1. Prepare the Buttermilk Cereal with Milk base ingredients. 2. Warm up a pan over medium heat. 3. Cook for a few minutes until beautifully set and golden. 4. Plate nicely to start your day!,142
Cheesy Peanut Butter Toast,Snack,308.0,9.6,22.0,19.2,Vegetarian,1. Simply portion out your Cheesy Peanut Butter Toast. 2. Store the rest in an airtight container for lasting freshness.,127
Cereal with Milk,Breakfast,210.0,8.0,35.0,4.0,Vegetarian,1. Prepare the Cereal with Milk base ingredients. 2. Warm up a pan over medium heat. 3. Cook for a few minutes until beautifully set and golden. 4. Plate nicely to start your day!,85
BBQ Chicken Shawarma,Lunch,585.0,30.0,60.0,19.8,Non-Vegetarian,1. Preheat grill or skillet. 2. Season the BBQ Chicken Shawarma to your liking. 3. Cook over medium-high heat for roughly 6-8 mins per side until the internal temperature is safe. 4. Rest for 5 mins before slicing.,274
Cajun Hummus & Carrots,Snack,172.5,5.0,19.8,9.2,Vegetarian,1. Simply portion out your Cajun Hummus & Carrots. 2. Store the rest in an airtight container for lasting freshness.,85
Honey Glazed Pancakes,Breakfast,337.5,6.0,63.0,11.0,Vegetarian,1. Prepare the Honey Glazed Pancakes base ingredients. 2. Warm up a pan over medium heat. 3. Cook for a few minutes until beautifully set and golden. 4. Plate nicely to start your day!,200
Buttermilk Chia Seed Pudding,Breakfast,266.0,8.8,24.0,15.0,Vegetarian,1. Prepare the Buttermilk Chia Seed Pudding base ingredients. 2. Warm up a pan over medium heat. 3. Cook for a few minutes until beautifully set and golden. 4. Plate nicely to start your day!,120
Tuna Salad,Lunch,300.0,28.0,10.0,15.0,Non-Vegetarian,1. Gather your Tuna Salad ingredients. 2. Sauté or bake in the oven at 375°F (190°C) until thoroughly warmed and aromatic. 3. Plate and garnish.,132
Smoked Salmon Fillet,Dinner,440.0,37.4,0.0,33.6,Non-Vegetarian,1. Preheat grill or skillet. 2. Season the Smoked Salmon Fillet to your liking. 3. Cook over medium-high heat for roughly 6-8 mins per side until the internal temperature is safe. 4. Rest for 5 mins before slicing.,178
Pork Chop & Mash,Dinner,550.0,35.0,40.0,25.0,Non-Vegetarian,1. Preheat grill or skillet. 2. Season the Pork Chop & Mash to your liking. 3. Cook over medium-high heat for roughly 6-8 mins per side until the internal temperature is safe. 4. Rest for 5 mins before slicing.,250
BBQ Baked Salmon,Dinner,585.0,35.0,15.0,30.8,Non-Vegetarian,1. Preheat grill or skillet. 2. Season the BBQ Baked Salmon to your liking. 3. Cook over medium-high heat for roughly 6-8 mins per side until the internal temperature is safe. 4. Rest for 5 mins before slicing.,202
Honey Glazed Banana,Snack,141.8,1.0,48.6,0.0,Vegetarian,1. Simply portion out your Honey Glazed Banana. 2. Store the rest in an airtight container for lasting freshness.,124
Herb-Roasted Pork Chop & Mash,Dinner,632.5,36.8,42.0,30.0,Non-Vegetarian,1. Preheat grill or skillet. 2. Season the Herb-Roasted Pork Chop & Mash to your liking. 3. Cook over medium-high heat for roughly 6-8 mins per side until the internal temperature is safe. 4. Rest for 5 mins before slicing.,272
Teriyaki Sweet Potato,Dinner,137.5,2.1,41.6,0.0,Vegetarian,1. Gather your Teriyaki Sweet Potato ingredients. 2. Sauté or bake in the oven at 375°F (190°C) until thoroughly warmed and aromatic. 3. Plate and garnish.,109
BBQ Turkey Wrap,Lunch,455.0,25.0,45.0,13.2,Non-Vegetarian,1. Gather your BBQ Turkey Wrap ingredients. 2. Sauté or bake in the oven at 375°F (190°C) until thoroughly warmed and aromatic. 3. Plate and garnish.,208
Herb-Roasted Chickpea Curry,Dinner,345.0,12.6,42.0,12.0,Vegetarian,1. Gather your Herb-Roasted Chickpea Curry ingredients. 2. Sauté or bake in the oven at 375°F (190°C) until thoroughly warmed and aromatic. 3. Plate and garnish.,166
Smoked Protein Bar,Snack,220.0,22.0,22.0,7.2,Vegetarian,1. Simply portion out your Smoked Protein Bar. 2. Store the rest in an airtight container for lasting freshness.,128
Garlic Protein Bar,Snack,220.0,21.0,26.4,6.6,Vegetarian,1. Simply portion out your Garlic Protein Bar. 2. Store the rest in an airtight container for lasting freshness.,135
Buttermilk Paneer Tikka,Dinner,490.0,19.8,14.4,37.5,Vegetarian,1. Cube the Buttermilk Paneer Tikka. 2. Toss in a pan with 1 tsp oil and your favorite spices. 3. Sauté on medium heat for 10-15 mins until golden brown. Serve hot!,179
Cheesy Black Beans,Lunch,154.0,8.4,22.0,0.0,Vegetarian,1. Gather your Cheesy Black Beans ingredients. 2. Sauté or bake in the oven at 375°F (190°C) until thoroughly warmed and aromatic. 3. Plate and garnish.,76
Teriyaki Quinoa,Lunch,275.0,8.4,62.4,3.0,Vegetarian,1. Rinse thoroughly. 2. Boil 2 cups of water for every 1 cup of Teriyaki Quinoa. 3. Simmer covered for 15-20 mins until fluffy.,184
Chipotle Quinoa,Lunch,264.0,8.4,42.9,3.9,Vegetarian,1. Rinse thoroughly. 2. Boil 2 cups of water for every 1 cup of Chipotle Quinoa. 3. Simmer covered for 15-20 mins until fluffy.,138
Honey Glazed Mixed Dal,Lunch,297.0,14.0,63.0,4.4,Vegetarian,1. Gather your Honey Glazed Mixed Dal ingredients. 2. Sauté or bake in the oven at 375°F (190°C) until thoroughly warmed and aromatic. 3. Plate and garnish.,204
Loaded Banana,Snack,168.0,1.3,40.5,0.0,Vegetarian,1. Simply portion out your Loaded Banana. 2. Store the rest in an airtight container for lasting freshness.,104
Cheesy Lentil Soup,Dinner,252.0,12.0,33.0,3.2,Vegetarian,1. Gather your Cheesy Lentil Soup ingredients. 2. Sauté or bake in the oven at 375°F (190°C) until thoroughly warmed and aromatic. 3. Plate and garnish.,120
BBQ Rice Cakes,Snack,104.0,2.0,24.0,0.0,Vegetarian,1. Rinse thoroughly. 2. Boil 2 cups of water for every 1 cup of BBQ Rice Cakes. 3. Simmer covered for 15-20 mins until fluffy.,65
Keto Banana,Snack,94.5,1.1,5.4,0.0,Vegetarian,1. Simply portion out your Keto Banana. 2. Store the rest in an airtight container for lasting freshness.,16
Honey Glazed Chia Seed Pudding,Breakfast,256.5,8.0,36.0,11.0,Vegetarian,1. Prepare the Honey Glazed Chia Seed Pudding base ingredients. 2. Warm up a pan over medium heat. 3. Cook for a few minutes until beautifully set and golden. 4. Plate nicely to start your day!,138
Garlic Caesar Salad,Lunch,330.0,10.5,18.0,24.2,Vegetarian,1. Gather your Garlic Caesar Salad ingredients. 2. Sauté or bake in the oven at 375°F (190°C) until thoroughly warmed and aromatic. 3. Plate and garnish.,132
Teriyaki Paneer,Dinner,400.0,18.9,8.0,25.0,Vegetarian,1. Cube the Teriyaki Paneer. 2. Toss in a pan with 1 tsp oil and your favorite spices. 3. Sauté on medium heat for 10-15 mins until golden brown. Serve hot!,130
Extra Lean White Rice,Lunch,164.0,4.8,44.0,0.0,Vegetarian,1. Rinse thoroughly. 2. Boil 2 cups of water for every 1 cup of Extra Lean White Rice. 3. Simmer covered for 15-20 mins until fluffy.,122
Spicy Salmon Fillet,Dinner,420.0,34.0,0.0,29.4,Non-Vegetarian,1. Preheat grill or skillet. 2. Season the Spicy Salmon Fillet to your liking. 3. Cook over medium-high heat for roughly 6-8 mins per side until the internal temperature is safe. 4. Rest for 5 mins before slicing.,158
Apple,Snack,95.0,0.5,25.0,0.3,Vegetarian,1. Simply portion out your Apple. 2. Store the rest in an airtight container for lasting freshness.,46
Keto Sweet Potato,Dinner,99.0,2.2,5.2,0.0,Vegetarian,1. Gather your Keto Sweet Potato ingredients. 2. Sauté or bake in the oven at 375°F (190°C) until thoroughly warmed and aromatic. 3. Plate and garnish.,18
Sweet & Sour Quinoa Bowl,Lunch,416.0,14.0,76.5,10.0,Vegetarian,1. Rinse thoroughly. 2. Boil 2 cups of water for every 1 cup of Sweet & Sour Quinoa Bowl. 3. Simmer covered for 15-20 mins until fluffy.,251
Sweet & Sour Brown Rice,Lunch,279.5,5.0,76.5,1.0,Vegetarian,1. Rinse thoroughly. 2. Boil 2 cups of water for every 1 cup of Sweet & Sour Brown Rice. 3. Simmer covered for 15-20 mins until fluffy.,206
Cajun Protein Smoothie,Breakfast,230.0,25.0,16.5,3.4,Vegetarian,1. Prepare the Cajun Protein Smoothie base ingredients. 2. Warm up a pan over medium heat. 3. Cook for a few minutes until beautifully set and golden. 4. Plate nicely to start your day!,112
Spicy Tofu,Lunch,147.0,15.0,2.2,8.4,Vegetarian,1. Cube the Spicy Tofu. 2. Toss in a pan with 1 tsp oil and your favorite spices. 3. Sauté on medium heat for 10-15 mins until golden brown. Serve hot!,64
Cajun Avocado Toast,Breakfast,287.5,6.0,26.4,17.2,Vegetarian,1. Prepare the Cajun Avocado Toast base ingredients. 2. Warm up a pan over medium heat. 3. Cook for a few minutes until beautifully set and golden. 4. Plate nicely to start your day!,124
Sweet & Sour Oatmeal,Breakfast,195.0,5.0,45.9,3.0,Vegetarian,1. Prepare the Sweet & Sour Oatmeal base ingredients. 2. Warm up a pan over medium heat. 3. Cook for a few minutes until beautifully set and golden. 4. Plate nicely to start your day!,135
Honey Glazed Chicken Breast & Broccoli,Lunch,337.5,35.0,18.0,5.5,Non-Vegetarian,1. Preheat grill or skillet. 2. Season the Honey Glazed Chicken Breast & Broccoli to your liking. 3. Cook over medium-high heat for roughly 6-8 mins per side until the internal temperature is safe. 4. Rest for 5 mins before slicing.,146
Pancakes,Breakfast,250.0,6.0,35.0,10.0,Vegetarian,1. Prepare the Pancakes base ingredients. 2. Warm up a pan over medium heat. 3. Cook for a few minutes until beautifully set and golden. 4. Plate nicely to start your day!,92
Cheesy Almonds,Snack,224.0,7.2,6.6,22.4,Vegetarian,1. Simply portion out your Cheesy Almonds. 2. Store the rest in an airtight container for lasting freshness.,90
Buttermilk Rice Cakes,Snack,112.0,2.2,19.2,0.0,Vegetarian,1. Rinse thoroughly. 2. Boil 2 cups of water for every 1 cup of Buttermilk Rice Cakes. 3. Simmer covered for 15-20 mins until fluffy.,54
Edamame,Snack,120.0,11.0,10.0,5.0,Vegetarian,1. Simply portion out your Edamame. 2. Store the rest in an airtight container for lasting freshness.,47
Loaded Pork Chop & Mash,Dinner,880.0,45.5,60.0,45.0,Non-Vegetarian,1. Preheat grill or skillet. 2. Season the Loaded Pork Chop & Mash to your liking. 3. Cook over medium-high heat for roughly 6-8 mins per side until the internal temperature is safe. 4. Rest for 5 mins before slicing.,376
Teriyaki Greek Yogurt,Breakfast,125.0,10.5,6.4,0.0,Vegetarian,1. Prepare the Teriyaki Greek Yogurt base ingredients. 2. Warm up a pan over medium heat. 3. Cook for a few minutes until beautifully set and golden. 4. Plate nicely to start your day!,42
Spicy Quinoa,Lunch,231.0,8.0,42.9,3.2,Vegetarian,1. Rinse thoroughly. 2. Boil 2 cups of water for every 1 cup of Spicy Quinoa. 3. Simmer covered for 15-20 mins until fluffy.,135
Lentil Soup,Lunch,200.0,12.0,25.0,3.0,Vegetarian,1. Gather your Lentil Soup ingredients. 2. Sauté or bake in the oven at 375°F (190°C) until thoroughly warmed and aromatic. 3. Plate and garnish.,100
Keto Vegetable Curry,Dinner,270.0,8.8,6.0,27.0,Vegetarian,1. Gather your Keto Vegetable Curry ingredients. 2. Sauté or bake in the oven at 375°F (190°C) until thoroughly warmed and aromatic. 3. Plate and garnish.,104
Garlic Tofu,Lunch,154.0,15.8,2.4,8.8,Vegetarian,1. Cube the Garlic Tofu. 2. Toss in a pan with 1 tsp oil and your favorite spices. 3. Sauté on medium heat for 10-15 mins until golden brown. Serve hot!,68
Teriyaki Vegetable Curry,Dinner,375.0,8.4,48.0,15.0,Vegetarian,1. Gather your Teriyaki Vegetable Curry ingredients. 2. Sauté or bake in the oven at 375°F (190°C) until thoroughly warmed and aromatic. 3. Plate and garnish.,178
Cajun Edamame,Snack,138.0,11.0,11.0,5.8,Vegetarian,1. Simply portion out your Cajun Edamame. 2. Store the rest in an airtight container for lasting freshness.,70
Teriyaki Tuna Sandwich,Lunch,500.0,29.4,56.0,15.0,Non-Vegetarian,1. Gather your Teriyaki Tuna Sandwich ingredients. 2. Sauté or bake in the oven at 375°F (190°C) until thoroughly warmed and aromatic. 3. Plate and garnish.,251
Extra Lean Bacon Strips,Breakfast,104.0,10.8,0.0,5.0,Non-Vegetarian,1. Prepare the Extra Lean Bacon Strips base ingredients. 2. Warm up a pan over medium heat. 3. Cook for a few minutes until beautifully set and golden. 4. Plate nicely to start your day!,40
Keto Paneer Tikka,Dinner,315.0,19.8,2.4,45.0,Vegetarian,1. Cube the Keto Paneer Tikka. 2. Toss in a pan with 1 tsp oil and your favorite spices. 3. Sauté on medium heat for 10-15 mins until golden brown. Serve hot!,168
Buttermilk Edamame,Snack,168.0,12.1,12.0,7.5,Vegetarian,1. Simply portion out your Buttermilk Edamame. 2. Store the rest in an airtight container for lasting freshness.,79
Boiled Eggs,Snack,140.0,12.0,1.0,10.0,Non-Vegetarian,1. Simply portion out your Boiled Eggs. 2. Store the rest in an airtight container for lasting freshness.,41
Smoked Paneer Tikka,Dinner,385.0,19.8,12.0,30.0,Vegetarian,1. Cube the Smoked Paneer Tikka. 2. Toss in a pan with 1 tsp oil and your favorite spices. 3. Sauté on medium heat for 10-15 mins until golden brown. Serve hot!,154
Buttermilk Tofu,Lunch,196.0,16.5,2.4,12.0,Vegetarian,1. Cube the Buttermilk Tofu. 2. Toss in a pan with 1 tsp oil and your favorite spices. 3. Sauté on medium heat for 10-15 mins until golden brown. Serve hot!,77
Herb-Roasted Black Beans,Lunch,126.5,7.4,21.0,0.0,Vegetarian,1. Gather your Herb-Roasted Black Beans ingredients. 2. Sauté or bake in the oven at 375°F (190°C) until thoroughly warmed and aromatic. 3. Plate and garnish.,71
Turkey Wrap,Lunch,350.0,25.0,35.0,12.0,Non-Vegetarian,1. Gather your Turkey Wrap ingredients. 2. Sauté or bake in the oven at 375°F (190°C) until thoroughly warmed and aromatic. 3. Plate and garnish.,180
Garlic Scrambled Egg Whites,Breakfast,132.0,23.1,2.4,0.0,Non-Vegetarian,1. Prepare the Garlic Scrambled Egg Whites base ingredients. 2. Warm up a pan over medium heat. 3. Cook for a few minutes until beautifully set and golden. 4. Plate nicely to start your day!,64
Keto Scrambled Eggs,Breakfast,126.0,13.2,0.2,18.0,Non-Vegetarian,1. Prepare the Keto Scrambled Eggs base ingredients. 2. Warm up a pan over medium heat. 3. Cook for a few minutes until beautifully set and golden. 4. Plate nicely to start your day!,78
Chipotle Chicken Breast & Broccoli,Lunch,300.0,36.8,11.0,6.5,Non-Vegetarian,1. Preheat grill or skillet. 2. Season the Chipotle Chicken Breast & Broccoli to your liking. 3. Cook over medium-high heat for roughly 6-8 mins per side until the internal temperature is safe. 4. Rest for 5 mins before slicing.,136
Keto Paneer,Dinner,288.0,19.8,1.0,45.0,Vegetarian,1. Cube the Keto Paneer. 2. Toss in a pan with 1 tsp oil and your favorite spices. 3. Sauté on medium heat for 10-15 mins until golden brown. Serve hot!,164
Honey Glazed Steak,Dinner,675.0,40.0,0.0,38.5,Non-Vegetarian,1. Preheat grill or skillet. 2. Season the Honey Glazed Steak to your liking. 3. Cook over medium-high heat for roughly 6-8 mins per side until the internal temperature is safe. 4. Rest for 5 mins before slicing.,196
Herb-Roasted Chicken Shawarma,Lunch,517.5,31.5,42.0,21.6,Non-Vegetarian,1. Preheat grill or skillet. 2. Season the Herb-Roasted Chicken Shawarma to your liking. 3. Cook over medium-high heat for roughly 6-8 mins per side until the internal temperature is safe. 4. Rest for 5 mins before slicing.,238
Lemon Pepper Boiled Eggs,Snack,142.8,12.6,1.0,10.0,Non-Vegetarian,1. Simply portion out your Lemon Pepper Boiled Eggs. 2. Store the rest in an airtight container for lasting freshness.,59
Smoked Tofu Scramble,Breakfast,176.0,15.4,4.0,12.0,Vegetarian,1. Cube the Smoked Tofu Scramble. 2. Toss in a pan with 1 tsp oil and your favorite spices. 3. Sauté on medium heat for 10-15 mins until golden brown. Serve hot!,78
Loaded Protein Smoothie,Breakfast,320.0,32.5,22.5,5.4,Vegetarian,1. Prepare the Loaded Protein Smoothie base ingredients. 2. Warm up a pan over medium heat. 3. Cook for a few minutes until beautifully set and golden. 4. Plate nicely to start your day!,151
Keto Peanut Butter Toast,Snack,198.0,8.8,4.0,21.6,Vegetarian,1. Simply portion out your Keto Peanut Butter Toast. 2. Store the rest in an airtight container for lasting freshness.,86
Honey Glazed Scrambled Egg Whites,Breakfast,162.0,22.0,3.6,0.0,Non-Vegetarian,1. Prepare the Honey Glazed Scrambled Egg Whites base ingredients. 2. Warm up a pan over medium heat. 3. Cook for a few minutes until beautifully set and golden. 4. Plate nicely to start your day!,64
BBQ Black Beans,Lunch,143.0,7.0,30.0,0.0,Vegetarian,1. Gather your BBQ Black Beans ingredients. 2. Sauté or bake in the oven at 375°F (190°C) until thoroughly warmed and aromatic. 3. Plate and garnish.,92
Extra Lean Oatmeal,Breakfast,120.0,6.0,27.0,1.5,Vegetarian,1. Prepare the Extra Lean Oatmeal base ingredients. 2. Warm up a pan over medium heat. 3. Cook for a few minutes until beautifully set and golden. 4. Plate nicely to start your day!,86
Garlic Tuna Sandwich,Lunch,440.0,29.4,42.0,16.5,Non-Vegetarian,1. Gather your Garlic Tuna Sandwich ingredients. 2. Sauté or bake in the oven at 375°F (190°C) until thoroughly warmed and aromatic. 3. Plate and garnish.,220
Peanut Butter Toast,Snack,220.0,8.0,20.0,12.0,Vegetarian,1. Simply portion out your Peanut Butter Toast. 2. Store the rest in an airtight container for lasting freshness.,72
BBQ Banana,Snack,136.5,1.0,40.5,0.0,Vegetarian,1. Simply portion out your BBQ Banana. 2. Store the rest in an airtight container for lasting freshness.,104
Cheesy Turkey Wrap,Lunch,490.0,30.0,38.5,19.2,Non-Vegetarian,1. Gather your Cheesy Turkey Wrap ingredients. 2. Sauté or bake in the oven at 375°F (190°C) until thoroughly warmed and aromatic. 3. Plate and garnish.,219
Keto Apple,Snack,85.5,0.6,5.0,0.5,Vegetarian,1. Simply portion out your Keto Apple. 2. Store the rest in an airtight container for lasting freshness.,15
Herb-Roasted Brown Rice,Lunch,247.2,5.2,47.2,1.2,Vegetarian,1. Rinse thoroughly. 2. Boil 2 cups of water for every 1 cup of Herb-Roasted Brown Rice. 3. Simmer covered for 15-20 mins until fluffy.,134
Cheesy Boiled Eggs,Snack,196.0,14.4,1.1,16.0,Non-Vegetarian,1. Simply portion out your Cheesy Boiled Eggs. 2. Store the rest in an airtight container for lasting freshness.,79
Garlic Cottage Cheese,Snack,132.0,14.7,6.0,4.4,Vegetarian,1. Simply portion out your Garlic Cottage Cheese. 2. Store the rest in an airtight container for lasting freshness.,63
Extra Lean Tuna Salad,Lunch,240.0,33.6,10.0,7.5,Non-Vegetarian,1. Gather your Extra Lean Tuna Salad ingredients. 2. Sauté or bake in the oven at 375°F (190°C) until thoroughly warmed and aromatic. 3. Plate and garnish.,128
Chipotle Banana,Snack,126.0,1.1,29.7,0.0,Vegetarian,1. Simply portion out your Chipotle Banana. 2. Store the rest in an airtight container for lasting freshness.,77
Cheesy Steak,Dinner,700.0,48.0,0.0,56.0,Non-Vegetarian,1. Preheat grill or skillet. 2. Season the Cheesy Steak to your liking. 3. Cook over medium-high heat for roughly 6-8 mins per side until the internal temperature is safe. 4. Rest for 5 mins before slicing.,260
Cheesy Oatmeal,Breakfast,210.0,6.0,29.7,4.8,Vegetarian,1. Prepare the Cheesy Oatmeal base ingredients. 2. Warm up a pan over medium heat. 3. Cook for a few minutes until beautifully set and golden. 4. Plate nicely to start your day!,101
Lemon Pepper Banana,Snack,107.1,1.1,27.0,0.0,Vegetarian,1. Simply portion out your Lemon Pepper Banana. 2. Store the rest in an airtight container for lasting freshness.,70
Hummus & Carrots,Snack,150.0,5.0,18.0,8.0,Vegetarian,1. Simply portion out your Hummus & Carrots. 2. Store the rest in an airtight container for lasting freshness.,56
Lemon Pepper Paneer Tikka,Dinner,357.0,18.9,12.0,25.0,Vegetarian,1. Cube the Lemon Pepper Paneer Tikka. 2. Toss in a pan with 1 tsp oil and your favorite spices. 3. Sauté on medium heat for 10-15 mins until golden brown. Serve hot!,140
Honey Glazed Black Beans,Lunch,148.5,7.0,36.0,0.0,Vegetarian,1. Gather your Honey Glazed Black Beans ingredients. 2. Sauté or bake in the oven at 375°F (190°C) until thoroughly warmed and aromatic. 3. Plate and garnish.,108
Spicy Lentil Soup,Dinner,189.0,10.0,33.0,2.1,Vegetarian,1. Gather your Spicy Lentil Soup ingredients. 2. Sauté or bake in the oven at 375°F (190°C) until thoroughly warmed and aromatic. 3. Plate and garnish.,113
Lentil Soup,Dinner,180.0,10.0,30.0,2.0,Vegetarian,1. Gather your Lentil Soup ingredients. 2. Sauté or bake in the oven at 375°F (190°C) until thoroughly warmed and aromatic. 3. Plate and garnish.,105
Cheesy Scrambled Egg Whites,Breakfast,168.0,26.4,2.2,0.0,Non-Vegetarian,1. Prepare the Cheesy Scrambled Egg Whites base ingredients. 2. Warm up a pan over medium heat. 3. Cook for a few minutes until beautifully set and golden. 4. Plate nicely to start your day!,72
Spicy Almonds,Snack,168.0,6.0,6.6,14.7,Vegetarian,1. Simply portion out your Spicy Almonds. 2. Store the rest in an airtight container for lasting freshness.,68
Herb-Roasted Salmon Fillet,Dinner,460.0,35.7,0.0,33.6,Non-Vegetarian,1. Preheat grill or skillet. 2. Season the Herb-Roasted Salmon Fillet to your liking. 3. Cook over medium-high heat for roughly 6-8 mins per side until the internal temperature is safe. 4. Rest for 5 mins before slicing.,173
Smoked Paneer,Dinner,352.0,19.8,5.0,30.0,Vegetarian,1. Cube the Smoked Paneer. 2. Toss in a pan with 1 tsp oil and your favorite spices. 3. Sauté on medium heat for 10-15 mins until golden brown. Serve hot!,137
Extra Lean Apple,Snack,76.0,0.6,25.0,0.1,Vegetarian,1. Simply portion out your Extra Lean Apple. 2. Store the rest in an airtight container for lasting freshness.,64
Honey Glazed Brown Rice,Lunch,290.2,5.0,81.0,1.1,Vegetarian,1. Rinse thoroughly. 2. Boil 2 cups of water for every 1 cup of Honey Glazed Brown Rice. 3. Simmer covered for 15-20 mins until fluffy.,218
Cajun Chicken Breast & Broccoli,Lunch,287.5,35.0,11.0,5.8,Non-Vegetarian,1. Preheat grill or skillet. 2. Season the Cajun Chicken Breast & Broccoli to your liking. 3. Cook over medium-high heat for roughly 6-8 mins per side until the internal temperature is safe. 4. Rest for 5 mins before slicing.,130
Buttermilk Mixed Dal,Lunch,308.0,15.4,42.0,6.0,Vegetarian,1. Gather your Buttermilk Mixed Dal ingredients. 2. Sauté or bake in the oven at 375°F (190°C) until thoroughly warmed and aromatic. 3. Plate and garnish.,158
Smoked Pork Chop & Mash,Dinner,605.0,38.5,40.0,30.0,Non-Vegetarian,1. Preheat grill or skillet. 2. Season the Smoked Pork Chop & Mash to your liking. 3. Cook over medium-high heat for roughly 6-8 mins per side until the internal temperature is safe. 4. Rest for 5 mins before slicing.,271
Smoked Edamame,Snack,132.0,12.1,10.0,6.0,Vegetarian,1. Simply portion out your Smoked Edamame. 2. Store the rest in an airtight container for lasting freshness.,70
Honey Glazed Paneer Tikka,Dinner,472.5,18.0,21.6,27.5,Vegetarian,1. Cube the Honey Glazed Paneer Tikka. 2. Toss in a pan with 1 tsp oil and your favorite spices. 3. Sauté on medium heat for 10-15 mins until golden brown. Serve hot!,168
Honey Glazed Tofu,Lunch,189.0,15.0,3.6,8.8,Vegetarian,1. Cube the Honey Glazed Tofu. 2. Toss in a pan with 1 tsp oil and your favorite spices. 3. Sauté on medium heat for 10-15 mins until golden brown. Serve hot!,68
Buttermilk Protein Smoothie,Breakfast,280.0,27.5,18.0,4.5,Vegetarian,1. Prepare the Buttermilk Protein Smoothie base ingredients. 2. Warm up a pan over medium heat. 3. Cook for a few minutes until beautifully set and golden. 4. Plate nicely to start your day!,125
Garlic Chicken Breast,Lunch,181.5,32.6,0.0,3.3,Non-Vegetarian,1. Preheat grill or skillet. 2. Season the Garlic Chicken Breast to your liking. 3. Cook over medium-high heat for roughly 6-8 mins per side until the internal temperature is safe. 4. Rest for 5 mins before slicing.,90
Loaded Cereal with Milk,Breakfast,336.0,10.4,52.5,7.2,Vegetarian,1. Prepare the Loaded Cereal with Milk base ingredients. 2. Warm up a pan over medium heat. 3. Cook for a few minutes until beautifully set and golden. 4. Plate nicely to start your day!,175
Lemon Pepper Chicken Breast,Lunch,168.3,32.6,0.0,3.0,Non-Vegetarian,1. Preheat grill or skillet. 2. Season the Lemon Pepper Chicken Breast to your liking. 3. Cook over medium-high heat for roughly 6-8 mins per side until the internal temperature is safe. 4. Rest for 5 mins before slicing.,89
Buttermilk Tuna Sandwich,Lunch,560.0,30.8,42.0,22.5,Non-Vegetarian,1. Gather your Buttermilk Tuna Sandwich ingredients. 2. Sauté or bake in the oven at 375°F (190°C) until thoroughly warmed and aromatic. 3. Plate and garnish.,238
Teriyaki Protein Waffle,Breakfast,275.0,15.8,32.0,8.0,Vegetarian,1. Prepare the Teriyaki Protein Waffle base ingredients. 2. Warm up a pan over medium heat. 3. Cook for a few minutes until beautifully set and golden. 4. Plate nicely to start your day!,140
Keto Lentil Soup,Lunch,180.0,13.2,5.0,5.4,Vegetarian,1. Gather your Keto Lentil Soup ingredients. 2. Sauté or bake in the oven at 375°F (190°C) until thoroughly warmed and aromatic. 3. Plate and garnish.,59
BBQ Scrambled Eggs,Breakfast,182.0,12.0,1.5,11.0,Non-Vegetarian,1. Prepare the BBQ Scrambled Eggs base ingredients. 2. Warm up a pan over medium heat. 3. Cook for a few minutes until beautifully set and golden. 4. Plate nicely to start your day!,61
Garlic Almonds,Snack,176.0,6.3,7.2,15.4,Vegetarian,1. Simply portion out your Garlic Almonds. 2. Store the rest in an airtight container for lasting freshness.,72
BBQ Steak and Rice,Dinner,780.0,40.0,67.5,27.5,Non-Vegetarian,1. Preheat grill or skillet. 2. Season the BBQ Steak and Rice to your liking. 3. Cook over medium-high heat for roughly 6-8 mins per side until the internal temperature is safe. 4. Rest for 5 mins before slicing.,338
Smoked Quinoa,Lunch,242.0,8.8,39.0,3.6,Vegetarian,1. Rinse thoroughly. 2. Boil 2 cups of water for every 1 cup of Smoked Quinoa. 3. Simmer covered for 15-20 mins until fluffy.,128
Smoked Cottage Cheese,Snack,132.0,15.4,5.0,4.8,Vegetarian,1. Simply portion out your Smoked Cottage Cheese. 2. Store the rest in an airtight container for lasting freshness.,63
Extra Lean Fruit Smoothie,Breakfast,144.0,2.4,45.0,0.5,Vegetarian,1. Prepare the Extra Lean Fruit Smoothie base ingredients. 2. Warm up a pan over medium heat. 3. Cook for a few minutes until beautifully set and golden. 4. Plate nicely to start your day!,120
Black Beans,Lunch,110.0,7.0,20.0,0.0,Vegetarian,1. Gather your Black Beans ingredients. 2. Sauté or bake in the oven at 375°F (190°C) until thoroughly warmed and aromatic. 3. Plate and garnish.,68
Smoked Greek Yogurt,Breakfast,110.0,11.0,4.0,0.0,Vegetarian,1. Prepare the Smoked Greek Yogurt base ingredients. 2. Warm up a pan over medium heat. 3. Cook for a few minutes until beautifully set and golden. 4. Plate nicely to start your day!,38
Lemon Pepper Avocado Toast,Breakfast,255.0,6.3,24.0,15.0,Vegetarian,1. Prepare the Lemon Pepper Avocado Toast base ingredients. 2. Warm up a pan over medium heat. 3. Cook for a few minutes until beautifully set and golden. 4. Plate nicely to start your day!,113
Buttermilk Paneer,Dinner,448.0,19.8,6.0,37.5,Vegetarian,1. Cube the Buttermilk Paneer. 2. Toss in a pan with 1 tsp oil and your favorite spices. 3. Sauté on medium heat for 10-15 mins until golden brown. Serve hot!,158
BBQ Shrimp Pasta,Dinner,624.0,30.0,82.5,13.2,Non-Vegetarian,1. Gather your BBQ Shrimp Pasta ingredients. 2. Sauté or bake in the oven at 375°F (190°C) until thoroughly warmed and aromatic. 3. Plate and garnish.,314
Buttermilk Protein Waffle,Breakfast,308.0,16.5,24.0,12.0,Vegetarian,1. Prepare the Buttermilk Protein Waffle base ingredients. 2. Warm up a pan over medium heat. 3. Cook for a few minutes until beautifully set and golden. 4. Plate nicely to start your day!,131
